protocol_version,suite,instance,n,distance_type,segment,variant,engine_mode,run,seed,config_hash,best_length,bks,deviation_percent,ga_best_length,path_length_evaluations,distance_lookups,ga_path_evaluations,solver_path_evaluations,three_opt_path_evaluations,tour_constructions,two_opt_calls,two_opt_move_evaluations,two_opt_improvements,three_opt_calls,three_opt_candidate_evaluations,three_opt_improvements,local_search_evaluations,ga_generations,preprocessing_seconds,initialization_seconds,solver_seconds,local_search_seconds,total_seconds,switch_iteration,switch_reason
protocol-1.1,ablation,kroA150.tsp,150,EUC_2D,medium,MSA-ACO,hybrid_v4_2,1,20360902,00083bc347086e7a,26550,26524,0.0980244307042678,31479,38401,3359068664,2400,36001,0,36000,3000,99392861,118900,1200,492622845,15297,592015706,15,0.0251352000050247,2.09610149997752,2307.6703188,2120.66992420008,2309.79630280001,135,forced_at_window_end
protocol-1.1,ablation,kroA150.tsp,150,EUC_2D,medium,MSA-ACO,hybrid_v4_2,2,20360903,00083bc347086e7a,26596,26524,0.271452269642588,31479,38401,3333416328,2400,36001,0,36000,3000,99758220,119759,1200,488103883,15910,587862103,15,0.0266470999922603,2.16408539999975,2293.90334699998,2107.89863460002,2296.09900329998,135,forced_at_window_end
protocol-1.1,ablation,kroA150.tsp,150,EUC_2D,medium,MSA-ACO,hybrid_v4_2,3,20360904,00083bc347086e7a,26602,26524,0.294073292112804,31447,41551,3392896882,5550,36001,0,36000,3000,99914851,119030,1200,497834138,15722,597748989,36,0.0324203000054695,5.22256310001831,2330.71945130001,2146.4512980998,2335.97927069999,135,forced_at_window_end
protocol-1.1,ablation,kroA150.tsp,150,EUC_2D,medium,MSA-ACO,hybrid_v4_2,4,20360905,00083bc347086e7a,26590,26524,0.248831247172372,31365,40051,3291097564,4050,36001,0,36000,3000,99955738,120242,1200,480877827,15505,580833565,26,0.0321789000008721,3.77952559999539,2300.84268680002,2113.8626366001,2304.65718910002,135,forced_at_window_end
protocol-1.1,ablation,kroA150.tsp,150,EUC_2D,medium,MSA-ACO,hybrid_v4_2,5,20360906,00083bc347086e7a,26595,26524,0.267682099230885,31479,38401,3253846540,2400,36001,0,36000,3000,100776361,120774,1200,474163491,14372,574939852,15,0.0324283999798354,2.40441440002178,2257.6421767,2074.13051889988,2260.08293509998,135,forced_at_window_end
protocol-1.1,ablation,kroA150.tsp,150,EUC_2D,medium,MSA-ACO,hybrid_v4_2,6,20360907,00083bc347086e7a,26613,26524,0.335545166641532,31479,38401,3319077176,2400,36001,0,36000,3000,98312831,118744,1200,486677617,15425,584990448,15,0.0322905000066385,2.26738040000782,2253.37961920002,2071.83968389989,2255.68052719999,135,forced_at_window_end
protocol-1.1,ablation,kroA150.tsp,150,EUC_2D,medium,MSA-ACO,hybrid_v4_2,7,20360908,00083bc347086e7a,26590,26524,0.248831247172372,31086,42451,3375187984,6450,36001,0,36000,3000,101382376,120705,1200,493881805,15741,595264181,42,0.0337081000034232,6.09417029999895,2281.62787289999,2101.24084909985,2287.75705059999,135,forced_at_window_end
protocol-1.1,ablation,kroA150.tsp,150,EUC_2D,medium,MSA-ACO,hybrid_v4_2,8,20360909,00083bc347086e7a,26640,26524,0.437339767757503,31750,40201,3379422186,4200,36001,0,36000,3000,101656419,121242,1200,494461060,15633,596117479,27,0.0250609000213444,3.91876810000394,2275.83196370001,2097.46135969978,2279.7768775,135,forced_at_window_end
protocol-1.1,ablation,kroA150.tsp,150,EUC_2D,medium,MSA-ACO,hybrid_v4_2,9,20360910,00083bc347086e7a,26624,26524,0.377017041170261,31354,40801,3414710832,4800,36001,0,36000,3000,100227231,120439,1200,501280293,15643,601507524,31,0.0318135999841616,4.43621360001271,2248.25337260001,2071.25736560035,2252.7221136,135,forced_at_window_end
protocol-1.1,ablation,kroA150.tsp,150,EUC_2D,medium,MSA-ACO,hybrid_v4_2,10,20360911,00083bc347086e7a,26554,26524,0.113105112351078,31479,38401,3316956410,2400,36001,0,36000,3000,101723312,121541,1200,484050502,14900,585773814,15,0.0319514999864623,2.20256620002328,2234.21544300002,2054.6927418999,2236.45121470001,135,forced_at_window_end
protocol-1.1,ablation,kroA150.tsp,150,EUC_2D,medium,MSA-ACO,hybrid_v4_2,11,20360912,00083bc347086e7a,26590,26524,0.248831247172372,31342,41701,3371518208,5700,36001,0,36000,3000,99998198,120408,1200,494211711,15691,594209909,37,0.0322646000131499,5.35690799998702,2272.83926459998,2093.71338450004,2278.22918530001,135,forced_at_window_end
protocol-1.1,ablation,kroA150.tsp,150,EUC_2D,medium,MSA-ACO,hybrid_v4_2,12,20360913,00083bc347086e7a,26683,26524,0.599457095460715,31262,38701,3317125464,2700,36001,0,36000,3000,99752601,118382,1200,485384985,15127,585137586,17,0.0298555000044871,2.53059830001439,2317.53584869998,2127.4592890999,2320.0979663,135,forced_at_window_end
protocol-1.1,ablation,kroA150.tsp,150,EUC_2D,medium,MSA-ACO,hybrid_v4_2,13,20360914,00083bc347086e7a,26616,26524,0.34685567787664,31479,38401,3384926336,2400,36001,0,36000,3000,100909847,119900,1200,495921133,15662,596830980,15,0.0312723999959417,2.27768239998841,2425.43407419999,2229.68870660008,2427.74427180001,135,forced_at_window_end
protocol-1.1,ablation,kroA150.tsp,150,EUC_2D,medium,MSA-ACO,hybrid_v4_2,14,20360915,00083bc347086e7a,26630,26524,0.399638063640477,31497,41551,3285418530,5550,36001,0,36000,3000,99366564,118902,1200,480286604,14587,579653168,36,0.0315180000034161,5.62272380001377,2370.05895089998,2173.91646880031,2375.71467260001,135,forced_at_window_end
protocol-1.1,ablation,kroA150.tsp,150,EUC_2D,medium,MSA-ACO,hybrid_v4_2,15,20360916,00083bc347086e7a,26550,26524,0.0980244307042678,31436,38551,3292801476,2550,36001,0,36000,3000,101372832,120120,1200,480254583,15098,581627415,16,0.0369261000014376,2.63201750000007,2041.68119499998,1873.85722590017,2044.3512261,135,forced_at_window_end
protocol-1.1,ablation,kroA150.tsp,150,EUC_2D,medium,MSA-fixed-switch,hybrid_v4_2,1,20360902,9b7068053b0b6aac,26655,26524,0.493892323933042,31479,38401,3331445464,2400,36001,0,36000,3000,100142086,120777,1200,487519495,15349,587661581,15,0.0272125999908894,2.11825910001062,2315.62705010001,2126.3638175001,2317.77629169999,105,fixed_control
protocol-1.1,ablation,kroA150.tsp,150,EUC_2D,medium,MSA-fixed-switch,hybrid_v4_2,2,20360903,9b7068053b0b6aac,26580,26524,0.211129543055346,31479,38401,3315197720,2400,36001,0,36000,3000,100987799,121866,1200,484247729,15550,585235528,15,0.0312367999868002,2.13408930000151,2272.87245940001,2086.53341639997,2275.0410917,105,fixed_control
protocol-1.1,ablation,kroA150.tsp,150,EUC_2D,medium,MSA-fixed-switch,hybrid_v4_2,3,20360904,9b7068053b0b6aac,26604,26524,0.301613632936209,31447,41551,3348416174,5550,36001,0,36000,3000,101313401,122339,1200,489488320,15567,590801721,36,0.0320813999860547,5.26610139998957,2302.92774760001,2117.14923779992,2308.22845379999,105,fixed_control
protocol-1.1,ablation,kroA150.tsp,150,EUC_2D,medium,MSA-fixed-switch,hybrid_v4_2,4,20360905,9b7068053b0b6aac,26565,26524,0.154576986879807,31365,40051,3317936846,4050,36001,0,36000,3000,102325853,124261,1200,483770964,15620,586096817,26,0.0347096999757923,3.93653830001131,2314.430937,2126.63978939984,2318.40410719998,105,fixed_control
protocol-1.1,ablation,kroA150.tsp,150,EUC_2D,medium,MSA-fixed-switch,hybrid_v4_2,5,20360906,9b7068053b0b6aac,26654,26524,0.490122153521339,31479,38401,3291880560,2400,36001,0,36000,3000,103034235,124472,1200,478997245,15266,582031480,15,0.023915500001749,2.35710039999685,2254.66463769999,2071.72838199988,2257.04878369998,105,fixed_control
protocol-1.1,ablation,kroA150.tsp,150,EUC_2D,medium,MSA-fixed-switch,hybrid_v4_2,6,20360907,9b7068053b0b6aac,26610,26524,0.324234655406424,31479,38401,3322070178,2400,36001,0,36000,3000,100616520,121997,1200,485640658,15571,586257178,15,0.0336720000195783,2.26421140000457,2230.90412639998,2050.87727819983,2233.20361180001,105,fixed_control
protocol-1.1,ablation,kroA150.tsp,150,EUC_2D,medium,MSA-fixed-switch,hybrid_v4_2,7,20360908,9b7068053b0b6aac,26624,26524,0.377017041170261,31086,42451,3397461172,6450,36001,0,36000,3000,101809879,122930,1200,497309001,15909,599118880,42,0.0303804000141099,6.13446590001695,2282.9417388,2101.28527699999,2289.108007,105,fixed_control
protocol-1.1,ablation,kroA150.tsp,150,EUC_2D,medium,MSA-fixed-switch,hybrid_v4_2,8,20360909,9b7068053b0b6aac,26580,26524,0.211129543055346,31750,40201,3379904624,4200,36001,0,36000,3000,102131855,122200,1200,494224509,15810,596356364,27,0.0320197000110056,3.9185451999947,2257.5111682,2078.79208149968,2261.46308400002,105,fixed_control
protocol-1.1,ablation,kroA150.tsp,150,EUC_2D,medium,MSA-fixed-switch,hybrid_v4_2,9,20360910,9b7068053b0b6aac,26655,26524,0.493892323933042,31354,40801,3386137096,4800,36001,0,36000,3000,102815881,124148,1200,494792237,15731,597608118,31,0.0315439999976661,4.50983510000515,2253.1192865,2075.03737740006,2257.6634893,105,fixed_control
protocol-1.1,ablation,kroA150.tsp,150,EUC_2D,medium,MSA-fixed-switch,hybrid_v4_2,10,20360911,9b7068053b0b6aac,26579,26524,0.207359372643643,31479,38401,3339309890,2400,36001,0,36000,3000,102735113,124476,1200,487101548,15645,589836661,15,0.0252932999865152,2.20509030000539,2240.58620189998,2062.15748719996,2242.8176674,105,fixed_control
protocol-1.1,ablation,kroA150.tsp,150,EUC_2D,medium,MSA-fixed-switch,hybrid_v4_2,11,20360912,9b7068053b0b6aac,26565,26524,0.154576986879807,31342,41701,3336044364,5700,36001,0,36000,3000,101523357,124372,1200,487282631,15413,588805988,37,0.023823999974411,5.4731732000073,2245.2056062,2064.86455219999,2250.7043142,105,fixed_control
protocol-1.1,ablation,kroA150.tsp,150,EUC_2D,medium,MSA-fixed-switch,hybrid_v4_2,12,20360913,9b7068053b0b6aac,26611,26524,0.328004825818127,31262,38701,3317549370,2700,36001,0,36000,3000,101074581,121736,1200,484574316,15224,585648897,17,0.0328245999990031,2.4664594999922,2343.68958760001,2151.55717719998,2346.19044949999,105,fixed_control
protocol-1.1,ablation,kroA150.tsp,150,EUC_2D,medium,MSA-fixed-switch,hybrid_v4_2,13,20360914,9b7068053b0b6aac,26637,26524,0.426029256522395,31479,38401,3390842986,2400,36001,0,36000,3000,103193581,124051,1200,495384752,15483,598578333,15,0.035238099982962,2.32278650000808,2448.22706270003,2250.50281929979,2450.58639710001,105,fixed_control
protocol-1.1,ablation,kroA150.tsp,150,EUC_2D,medium,MSA-fixed-switch,hybrid_v4_2,14,20360915,9b7068053b0b6aac,26669,26524,0.546674709696878,31497,41551,3243663734,5550,36001,0,36000,3000,102109448,123828,1200,471498882,14663,573608330,36,0.0335054000024684,5.86339610000141,2270.19146290002,2080.63437239986,2276.08949119999,105,fixed_control
protocol-1.1,ablation,kroA150.tsp,150,EUC_2D,medium,MSA-fixed-switch,hybrid_v4_2,15,20360916,9b7068053b0b6aac,26565,26524,0.154576986879807,31436,38551,3344939002,2550,36001,0,36000,3000,102364843,122580,1200,488282830,15621,590647673,16,0.0360548000026029,2.55540410001413,1922.9504571,1764.51617609974,1925.5429802,105,fixed_control
protocol-1.1,ablation,kroA150.tsp,150,EUC_2D,medium,MSA-no-2opt,hybrid_v4_2,1,20360902,3f93938b8d98278c,26653,26524,0.486351983109637,31479,38401,4407613182,2400,36001,0,36000,0,0,0,1200,733642172,63249,733642172,15,0.0249779000005219,2.07109909999417,2893.0526536,2708.1862768998,2895.15317130001,135,forced_at_window_end
protocol-1.1,ablation,kroA150.tsp,150,EUC_2D,medium,MSA-no-2opt,hybrid_v4_2,2,20360903,3f93938b8d98278c,26650,26524,0.475041471874529,31479,38401,4148984526,2400,36001,0,36000,0,0,0,1200,690537396,64011,690537396,15,0.0304524000093807,2.1207899999863,2697.2256146,2511.83659939989,2699.38345309999,135,forced_at_window_end
protocol-1.1,ablation,kroA150.tsp,150,EUC_2D,medium,MSA-no-2opt,hybrid_v4_2,3,20360904,3f93938b8d98278c,26697,26524,0.652239481224551,31447,41551,4360235418,5550,36001,0,36000,0,0,0,1200,725667128,63122,725667128,36,0.0327659000176936,5.54369449999649,2847.0574847,2662.15824650016,2852.63742090002,135,forced_at_window_end
protocol-1.1,ablation,kroA150.tsp,150,EUC_2D,medium,MSA-no-2opt,hybrid_v4_2,4,20360905,3f93938b8d98278c,26661,26524,0.516513346403257,31365,40051,4199252286,4050,36001,0,36000,0,0,0,1200,698874106,60176,698874106,26,0.0313729000044987,4.00129610000295,2766.1235673,2579.73215059974,2770.16044389998,132,entropy_trigger
protocol-1.1,ablation,kroA150.tsp,150,EUC_2D,medium,MSA-no-2opt,hybrid_v4_2,5,20360906,3f93938b8d98278c,26649,26524,0.471271301462826,31479,38401,4318265424,2400,36001,0,36000,0,0,0,1200,718750879,61809,718750879,15,0.0308761000051163,2.40902270001243,2727.48106250001,2547.80721400006,2729.9222337,135,forced_at_window_end
protocol-1.1,ablation,kroA150.tsp,150,EUC_2D,medium,MSA-no-2opt,hybrid_v4_2,6,20360907,3f93938b8d98278c,26681,26524,0.59191675463731,31479,38401,4237797462,2400,36001,0,36000,0,0,0,1200,705339552,65266,705339552,15,0.0307193000044208,2.1961398999847,2712.9376297,2532.98131959996,2715.16534040001,135,forced_at_window_end
protocol-1.1,ablation,kroA150.tsp,150,EUC_2D,medium,MSA-no-2opt,hybrid_v4_2,7,20360908,3f93938b8d98278c,26640,26524,0.437339767757503,31086,42451,4154303736,6450,36001,0,36000,0,0,0,1200,691322681,63127,691322681,42,0.0387820000178181,6.64894840001944,2696.21637830001,2513.95623499985,2702.90515890002,135,forced_at_window_end
protocol-1.1,ablation,kroA150.tsp,150,EUC_2D,medium,MSA-no-2opt,hybrid_v4_2,8,20360909,3f93938b8d98278c,26652,26524,0.482581812697934,31750,40201,4227771768,4200,36001,0,36000,0,0,0,1200,703623603,64427,703623603,27,0.0327101000002585,3.93231629999354,2694.16940039999,2514.3526314004,2698.13530170001,135,forced_at_window_end
protocol-1.1,ablation,kroA150.tsp,150,EUC_2D,medium,MSA-no-2opt,hybrid_v4_2,9,20360910,3f93938b8d98278c,26665,26524,0.531594028050068,31354,40801,4185362436,4800,36001,0,36000,0,0,0,1200,696540381,63867,696540381,31,0.0312493999954313,4.52029220000259,2679.4534156,2498.3483601998,2684.0057255,135,forced_at_window_end
protocol-1.1,ablation,kroA150.tsp,150,EUC_2D,medium,MSA-no-2opt,hybrid_v4_2,10,20360911,3f93938b8d98278c,26659,26524,0.508973005579852,31479,38401,4358108226,2400,36001,0,36000,0,0,0,1200,725391346,63881,725391346,15,0.0285726999863982,2.27298829998472,2763.77521640001,2584.54897060036,2766.07805809999,135,forced_at_window_end
protocol-1.1,ablation,kroA150.tsp,150,EUC_2D,medium,MSA-no-2opt,hybrid_v4_2,11,20360912,3f93938b8d98278c,26605,26524,0.305383803347911,31342,41701,4227913518,5700,36001,0,36000,0,0,0,1200,703609728,62461,703609728,37,0.0312381999974605,5.50587789999554,2759.3866151,2572.42965800018,2764.92501480001,130,entropy_trigger
protocol-1.1,ablation,kroA150.tsp,150,EUC_2D,medium,MSA-no-2opt,hybrid_v4_2,12,20360913,3f93938b8d98278c,26647,26524,0.463730960639421,31262,38701,4213317090,2700,36001,0,36000,0,0,0,1200,701251990,62681,701251990,17,0.0323367000091821,2.49397460001637,2847.42977389999,2651.96143809991,2849.95750439999,135,forced_at_window_end
protocol-1.1,ablation,kroA150.tsp,150,EUC_2D,medium,MSA-no-2opt,hybrid_v4_2,13,20360914,3f93938b8d98278c,26674,26524,0.565525561755391,31479,38401,4408528812,2400,36001,0,36000,0,0,0,1200,733794777,62699,733794777,15,0.0347480000054929,2.29591449999134,2993.11604179998,2798.20808549988,2995.44777259999,135,forced_at_window_end
protocol-1.1,ablation,kroA150.tsp,150,EUC_2D,medium,MSA-no-2opt,hybrid_v4_2,14,20360915,3f93938b8d98278c,26659,26524,0.508973005579852,31497,41551,4199769306,5550,36001,0,36000,0,0,0,1200,698922776,63555,698922776,36,0.0325588999839965,5.96997040000861,2588.515671,2412.08227110002,2594.5207586,135,forced_at_window_end
protocol-1.1,ablation,kroA150.tsp,150,EUC_2D,medium,MSA-no-2opt,hybrid_v4_2,15,20360916,3f93938b8d98278c,26579,26524,0.207359372643643,31436,38551,4328048538,2550,36001,0,36000,0,0,0,1200,720377648,63470,720377648,16,0.0324863000132609,2.56670309999026,2096.4911629,1956.75579740005,2099.0917163,135,forced_at_window_end
protocol-1.1,ablation,kroA150.tsp,150,EUC_2D,medium,MSA-no-3opt,hybrid_v4_2,1,20360902,4ce816c4ab00a88a,26912,26524,1.46282611974061,31479,38401,410946530,2400,36001,0,36000,3000,101296595,121787,0,0,0,101296595,15,0.0258670000184793,2.08210100000724,499.557067299989,317.301770699647,501.665395999997,135,forced_at_window_end
protocol-1.1,ablation,kroA150.tsp,150,EUC_2D,medium,MSA-no-3opt,hybrid_v4_2,2,20360903,4ce816c4ab00a88a,26970,26524,1.68149600361936,31479,38401,416652738,2400,36001,0,36000,3000,102723147,122722,0,0,0,102723147,15,0.0283381999761332,2.22977889998583,507.970363900007,324.666560300015,510.2287947,135,forced_at_window_end
protocol-1.1,ablation,kroA150.tsp,150,EUC_2D,medium,MSA-no-3opt,hybrid_v4_2,3,20360904,4ce816c4ab00a88a,26721,26524,0.742723571105414,31447,41551,414962886,5550,36001,0,36000,3000,102182559,123035,0,0,0,102182559,36,0.0320524999988265,5.34666310000466,514.018154799996,328.095808200043,519.399158899992,135,forced_at_window_end
protocol-1.1,ablation,kroA150.tsp,150,EUC_2D,medium,MSA-no-3opt,hybrid_v4_2,4,20360905,4ce816c4ab00a88a,26921,26524,1.49675765344594,31365,40051,413298938,4050,36001,0,36000,3000,101822822,121257,0,0,0,101822822,26,0.0504749999963678,4.28066940000281,507.150305099989,324.071378500172,511.484388899989,135,forced_at_window_end
protocol-1.1,ablation,kroA150.tsp,150,EUC_2D,medium,MSA-no-3opt,hybrid_v4_2,5,20360906,4ce816c4ab00a88a,26734,26524,0.791735786457548,31479,38401,412039018,2400,36001,0,36000,3000,101569717,121342,0,0,0,101569717,15,0.0318254999874625,2.23425479998696,496.506373499986,316.787485600071,498.772933400003,135,forced_at_window_end
protocol-1.1,ablation,kroA150.tsp,150,EUC_2D,medium,MSA-no-3opt,hybrid_v4_2,6,20360907,4ce816c4ab00a88a,26870,26524,1.3044789624491,31479,38401,406126622,2400,36001,0,36000,3000,100091618,119463,0,0,0,100091618,15,0.0304870999825653,2.24839849999989,490.601023399999,311.527929600154,492.880907299987,135,forced_at_window_end
protocol-1.1,ablation,kroA150.tsp,150,EUC_2D,medium,MSA-no-3opt,hybrid_v4_2,7,20360908,4ce816c4ab00a88a,26841,26524,1.19514402050973,31086,42451,406346358,6450,36001,0,36000,3000,99994677,120367,0,0,0,99994677,42,0.0283377000014298,6.83503819999169,502.633120299986,317.408462099876,509.498026300018,135,forced_at_window_end
protocol-1.1,ablation,kroA150.tsp,150,EUC_2D,medium,MSA-no-3opt,hybrid_v4_2,8,20360909,4ce816c4ab00a88a,26806,26524,1.06318805610014,31750,40201,406165354,4200,36001,0,36000,3000,100033801,120689,0,0,0,100033801,27,0.0310895000002347,3.86749259999488,485.492095499998,308.596807300055,489.391613999993,135,forced_at_window_end
protocol-1.1,ablation,kroA150.tsp,150,EUC_2D,medium,MSA-no-3opt,hybrid_v4_2,9,20360910,4ce816c4ab00a88a,26773,26524,0.93877243251395,31354,40801,402046458,4800,36001,0,36000,3000,98981577,119365,0,0,0,98981577,31,0.0316402000025846,4.73314500000561,486.584013899992,307.290666800196,491.349811599997,135,forced_at_window_end
protocol-1.1,ablation,kroA150.tsp,150,EUC_2D,medium,MSA-no-3opt,hybrid_v4_2,10,20360911,4ce816c4ab00a88a,26868,26524,1.2969386216257,31479,38401,409195474,2400,36001,0,36000,3000,100858831,121137,0,0,0,100858831,15,0.0320923999825027,2.22999960000743,494.189256800018,315.07219350012,496.452445100003,135,forced_at_window_end
protocol-1.1,ablation,kroA150.tsp,150,EUC_2D,medium,MSA-no-3opt,hybrid_v4_2,11,20360912,4ce816c4ab00a88a,26817,26524,1.10465993062886,31342,41701,397882358,5700,36001,0,36000,3000,97906802,116974,0,0,0,97906802,37,0.0313762000005227,5.56844780000392,490.900744499988,308.328796899936,496.5014754,135,forced_at_window_end
protocol-1.1,ablation,kroA150.tsp,150,EUC_2D,medium,MSA-no-3opt,hybrid_v4_2,12,20360913,4ce816c4ab00a88a,26918,26524,1.48544714221083,31262,38701,408524506,2700,36001,0,36000,3000,100679839,121315,0,0,0,100679839,17,0.0320819000189658,2.48948550000205,491.006490500004,312.149608900188,493.528971200023,135,forced_at_window_end
protocol-1.1,ablation,kroA150.tsp,150,EUC_2D,medium,MSA-no-3opt,hybrid_v4_2,13,20360914,4ce816c4ab00a88a,26812,26524,1.08580907857035,31479,38401,407009554,2400,36001,0,36000,3000,100312351,121127,0,0,0,100312351,15,0.0306337999936659,2.31468670000322,537.150455800002,336.908714499936,539.496637999982,135,forced_at_window_end
protocol-1.1,ablation,kroA150.tsp,150,EUC_2D,medium,MSA-no-3opt,hybrid_v4_2,14,20360915,4ce816c4ab00a88a,26830,26524,1.153672145981,31497,41551,414861882,5550,36001,0,36000,3000,102157308,122037,0,0,0,102157308,36,0.0337855000107083,6.09264449999318,543.176277999999,345.436167399777,549.303630699986,135,forced_at_window_end
protocol-1.1,ablation,kroA150.tsp,150,EUC_2D,medium,MSA-no-3opt,hybrid_v4_2,15,20360916,4ce816c4ab00a88a,26795,26524,1.02171618157141,31436,38551,411457882,2550,36001,0,36000,3000,101418808,120967,0,0,0,101418808,16,0.032180000009248,2.55704039998818,524.991620899993,334.322512800107,527.582235400012,135,forced_at_window_end
protocol-1.1,ablation,kroA150.tsp,150,EUC_2D,medium,MSA-no-GA-init,hybrid_v4_2,1,20360902,c8487b3de7d8795f,26571,26524,0.177198009350023,,36001,3428888370,0,36001,0,36000,3000,100613532,121531,1200,503505682,15211,604119214,0,0.0246654000075068,0.000391599984141067,2358.1648607,2171.84274510035,2358.19622490002,135,forced_at_window_end
protocol-1.1,ablation,kroA150.tsp,150,EUC_2D,medium,MSA-no-GA-init,hybrid_v4_2,2,20360903,c8487b3de7d8795f,26615,26524,0.343085507464937,,36001,3348983622,0,36001,0,36000,3000,99685515,119544,1200,490806902,15861,590492417,0,0.0259593999944627,0.0000523999915458262,2307.85536849999,2122.91504420002,2307.88569300002,135,forced_at_window_end
protocol-1.1,ablation,kroA150.tsp,150,EUC_2D,medium,MSA-no-GA-init,hybrid_v4_2,3,20360904,c8487b3de7d8795f,26679,26524,0.584376413813904,,36001,3403336674,0,36001,0,36000,3000,101815881,121419,1200,498445500,15789,600261381,0,0.0326879000058398,0.00989250000566244,2349.00473340001,2163.31015709991,2349.09071410002,135,forced_at_window_end
protocol-1.1,ablation,kroA150.tsp,150,EUC_2D,medium,MSA-no-GA-init,hybrid_v4_2,4,20360905,c8487b3de7d8795f,26571,26524,0.177198009350023,,36001,3234818960,0,36001,0,36000,3000,97864742,118060,1200,472993307,14888,570858049,0,0.0565895999898203,0.000301499996567145,2266.62455799998,2079.65167010014,2266.68388990001,135,forced_at_window_end
protocol-1.1,ablation,kroA150.tsp,150,EUC_2D,medium,MSA-no-GA-init,hybrid_v4_2,5,20360906,c8487b3de7d8795f,26664,26524,0.527823857638365,,36001,3301036390,0,36001,0,36000,3000,100190575,120984,1200,482478990,15063,582669565,0,0.0239336999948137,0.000109600019641221,2266.93479319999,2082.63989639972,2266.96193260001,135,forced_at_window_end
protocol-1.1,ablation,kroA150.tsp,150,EUC_2D,medium,MSA-no-GA-init,hybrid_v4_2,6,20360907,c8487b3de7d8795f,26612,26524,0.33177499622983,,36001,3373248614,0,36001,0,36000,3000,99521294,119590,1200,494960548,15554,594481842,0,0.0309569000091869,0.00089490000391379,2284.4536756,2102.40769790023,2284.48647999999,135,forced_at_window_end
protocol-1.1,ablation,kroA150.tsp,150,EUC_2D,medium,MSA-no-GA-init,hybrid_v4_2,7,20360908,c8487b3de7d8795f,26651,26524,0.478811642286231,,36001,3298980756,0,36001,0,36000,3000,98364621,117991,1200,483353687,15238,581718308,0,0.0356448999955319,0.00139759999001399,2226.84667319999,2045.44244679983,2226.88838720002,135,forced_at_window_end
protocol-1.1,ablation,kroA150.tsp,150,EUC_2D,medium,MSA-no-GA-init,hybrid_v4_2,8,20360909,c8487b3de7d8795f,26643,26524,0.44865027899261,,36001,3382190752,0,36001,0,36000,3000,100661791,119541,1200,495690573,15603,596352364,0,0.0307098999910522,0.00028149998979643,2275.0812858,2096.35729710007,2275.1135187,135,forced_at_window_end
protocol-1.1,ablation,kroA150.tsp,150,EUC_2D,medium,MSA-no-GA-init,hybrid_v4_2,9,20360910,c8487b3de7d8795f,26617,26524,0.350625848288343,,36001,3350222216,0,36001,0,36000,3000,98832080,117925,1200,491582291,15534,590414371,0,0.0315158999874257,0.000792999984696507,2245.4290841,2067.01102630023,2245.4624202,135,forced_at_window_end
protocol-1.1,ablation,kroA150.tsp,150,EUC_2D,medium,MSA-no-GA-init,hybrid_v4_2,10,20360911,c8487b3de7d8795f,26658,26524,0.50520283516815,,36001,3368079632,0,36001,0,36000,3000,100486445,120793,1200,493455617,15651,593942062,0,0.0331215000187512,0.000289999996311963,2267.8567458,2089.51758609997,2267.89138039999,135,forced_at_window_end
protocol-1.1,ablation,kroA150.tsp,150,EUC_2D,medium,MSA-no-GA-init,hybrid_v4_2,11,20360912,c8487b3de7d8795f,26643,26524,0.44865027899261,,36001,3263917428,0,36001,0,36000,3000,99467145,119585,1200,476774783,15056,576241928,0,0.0324010999756865,0.00103169999783859,2178.5120858,1999.26553650037,2178.54684179998,135,forced_at_window_end
protocol-1.1,ablation,kroA150.tsp,150,EUC_2D,medium,MSA-no-GA-init,hybrid_v4_2,12,20360913,c8487b3de7d8795f,26598,26524,0.278992610465993,,36001,3387638702,0,36001,0,36000,3000,100062551,120279,1200,496998058,15989,597060609,0,0.0259726999793202,0.000314999982947484,2376.9221154,2184.50478759964,2376.94978599998,135,forced_at_window_end
protocol-1.1,ablation,kroA150.tsp,150,EUC_2D,medium,MSA-no-GA-init,hybrid_v4_2,13,20360914,c8487b3de7d8795f,26664,26524,0.527823857638365,,36001,3295776802,0,36001,0,36000,3000,96991849,116387,1200,483734876,15215,580726725,0,0.0325463000044692,0.000321200001053512,2346.10996119998,2150.50937140008,2346.14411610001,135,forced_at_window_end
protocol-1.1,ablation,kroA150.tsp,150,EUC_2D,medium,MSA-no-GA-init,hybrid_v4_2,14,20360915,c8487b3de7d8795f,26705,26524,0.682400844518172,,36001,3343382872,0,36001,0,36000,3000,101558137,121610,1200,488625029,15459,590183166,0,0.0383534000138752,0.000754800013964996,2338.0235216,2148.84963149964,2338.06466910001,135,forced_at_window_end
protocol-1.1,ablation,kroA150.tsp,150,EUC_2D,medium,MSA-no-GA-init,hybrid_v4_2,15,20360916,c8487b3de7d8795f,26657,26524,0.501432664756447,,36001,3316095840,0,36001,0,36000,3000,100279920,119543,1200,484929335,15752,585209255,0,0.03317410001182,0.000271600001724437,1921.06165339999,1763.25919370013,1921.09622559999,135,forced_at_window_end
protocol-1.1,ablation,kroA150.tsp,150,EUC_2D,medium,MSA-no-rank,hybrid_v4_2,1,20360902,8f01210ccc4b938d,26616,26524,0.34685567787664,31479,38401,3091073922,2400,36001,0,36000,3000,92828622,109157,1200,452333214,12841,545161836,15,0.0277078000071924,2.10668100000476,2151.9136491,1966.24895720006,2154.05327160002,131,entropy_trigger
protocol-1.1,ablation,kroA150.tsp,150,EUC_2D,medium,MSA-no-rank,hybrid_v4_2,2,20360903,8f01210ccc4b938d,26623,26524,0.373246870758558,31479,38401,3232037042,2400,36001,0,36000,3000,95835833,113190,1200,473822260,13968,569658093,15,0.0233695000060834,2.13096179999411,2222.45342109998,2037.39675880008,2224.6119164,124,entropy_trigger
protocol-1.1,ablation,kroA150.tsp,150,EUC_2D,medium,MSA-no-rank,hybrid_v4_2,3,20360904,8f01210ccc4b938d,26702,26524,0.671090333283064,31447,41551,3146539588,5550,36001,0,36000,3000,96287455,114004,1200,459192853,13311,555480308,36,0.0331079000025056,5.46032309997827,2225.07861309999,2036.78915969998,2230.57601730002,122,entropy_trigger
protocol-1.1,ablation,kroA150.tsp,150,EUC_2D,medium,MSA-no-rank,hybrid_v4_2,4,20360905,8f01210ccc4b938d,26618,26524,0.354396018700045,31365,40051,3174377392,4050,36001,0,36000,3000,94499194,111177,1200,465062161,13825,559561355,26,0.031596900022123,3.76940389999072,2251.04264850001,2059.28894640013,2254.84783639997,124,entropy_trigger
protocol-1.1,ablation,kroA150.tsp,150,EUC_2D,medium,MSA-no-rank,hybrid_v4_2,5,20360906,8f01210ccc4b938d,26629,26524,0.395867893228774,31479,38401,3203253540,2400,36001,0,36000,3000,95864262,113281,1200,469006057,13786,564870319,15,0.0353230999899097,2.35373250002158,2199.59246020002,2015.78710769975,2201.98295400001,125,entropy_trigger
protocol-1.1,ablation,kroA150.tsp,150,EUC_2D,medium,MSA-no-rank,hybrid_v4_2,6,20360907,8f01210ccc4b938d,26626,26524,0.384557381993666,31479,38401,3282263530,2400,36001,0,36000,3000,97759291,114193,1200,480911036,14265,578670327,15,0.0234591999906115,2.21135359999607,2237.22331650002,2052.20663399997,2239.45932560001,135,forced_at_window_end
protocol-1.1,ablation,kroA150.tsp,150,EUC_2D,medium,MSA-no-rank,hybrid_v4_2,7,20360908,8f01210ccc4b938d,26678,26524,0.580606243402202,31086,42451,3124683758,6450,36001,0,36000,3000,95444186,112288,1200,456089894,13062,551534080,42,0.0352701999945566,6.70777120001731,2125.54180960002,1944.31505009992,2132.28623269999,135,forced_at_window_end
protocol-1.1,ablation,kroA150.tsp,150,EUC_2D,medium,MSA-no-rank,hybrid_v4_2,8,20360909,8f01210ccc4b938d,26642,26524,0.444880108580908,31750,40201,3124180656,4200,36001,0,36000,3000,91795734,108112,1200,458494595,12499,550290329,27,0.0285118999890983,4.00402970000869,2109.84907649999,1929.16638179994,2113.88287649999,126,entropy_trigger
protocol-1.1,ablation,kroA150.tsp,150,EUC_2D,medium,MSA-no-rank,hybrid_v4_2,9,20360910,8f01210ccc4b938d,26716,26524,0.723872719046901,31354,40801,3154702428,4800,36001,0,36000,3000,93465567,110179,1200,462453335,13901,555918902,31,0.0340539999888279,4.48684600001434,2134.31763830001,1954.09342650021,2138.83973929999,135,forced_at_window_end
protocol-1.1,ablation,kroA150.tsp,150,EUC_2D,medium,MSA-no-rank,hybrid_v4_2,10,20360911,8f01210ccc4b938d,26676,26524,0.573065902578797,31479,38401,3148112502,2400,36001,0,36000,3000,94346241,111109,1200,460827898,13572,555174139,15,0.0328227000136394,2.32354350000969,2139.04859780002,1957.15822479958,2141.40660029999,126,entropy_trigger
protocol-1.1,ablation,kroA150.tsp,150,EUC_2D,medium,MSA-no-rank,hybrid_v4_2,11,20360912,8f01210ccc4b938d,26670,26524,0.550444880108581,31342,41701,3244483784,5700,36001,0,36000,3000,96446663,113327,1200,475406997,13675,571853660,37,0.0329368000093382,5.49803950000205,2195.34631540001,2013.54111569992,2200.88014359999,126,entropy_trigger
protocol-1.1,ablation,kroA150.tsp,150,EUC_2D,medium,MSA-no-rank,hybrid_v4_2,12,20360913,8f01210ccc4b938d,26616,26524,0.34685567787664,31262,38701,3296025858,2700,36001,0,36000,3000,93014685,110193,1200,486360328,14526,579375013,17,0.032466700009536,2.49377780000214,2338.12152009999,2143.55041489968,2340.6490457,134,entropy_trigger
protocol-1.1,ablation,kroA150.tsp,150,EUC_2D,medium,MSA-no-rank,hybrid_v4_2,13,20360914,8f01210ccc4b938d,26678,26524,0.580606243402202,31479,38401,3151449224,2400,36001,0,36000,3000,93760142,111121,1200,461774751,13301,555534893,15,0.0408620999951381,2.34653820001404,2296.23071800001,2096.19531419987,2298.6195727,124,entropy_trigger
protocol-1.1,ablation,kroA150.tsp,150,EUC_2D,medium,MSA-no-rank,hybrid_v4_2,14,20360915,8f01210ccc4b938d,26701,26524,0.667320162871362,31497,41551,3162138032,5550,36001,0,36000,3000,92050634,109456,1200,464617141,13224,556667775,36,0.0318261999927927,5.63672680000309,2209.89671460001,2021.0887550998,2215.56679539999,119,entropy_trigger
protocol-1.1,ablation,kroA150.tsp,150,EUC_2D,medium,MSA-no-rank,hybrid_v4_2,15,20360916,8f01210ccc4b938d,26623,26524,0.373246870758558,31436,38551,3193247488,2550,36001,0,36000,3000,92378401,108130,1200,469658539,13315,562036940,16,0.0309862000285648,2.53805400000419,1853.51969399999,1696.80873640013,1856.08993199997,118,entropy_trigger
protocol-1.1,ablation,kroA150.tsp,150,EUC_2D,medium,MSA-no-scale-adaptation,hybrid_v4_2,1,20360902,bdf8690b5c34df07,26736,26524,0.799276127280953,31479,38401,1920499926,2400,36001,0,36000,3600,113011041,136623,600,243782602,8038,356793643,15,0.0250679999880958,2.095220600022,1456.56322499999,1270.33102749955,1458.72036159999,135,forced_at_window_end
protocol-1.1,ablation,kroA150.tsp,150,EUC_2D,medium,MSA-no-scale-adaptation,hybrid_v4_2,2,20360903,bdf8690b5c34df07,26755,26524,0.870909365103303,31479,38401,1903131210,2400,36001,0,36000,3600,112966254,135649,600,240917674,7701,353883928,15,0.0315469999914058,2.37557850001031,1416.078473,1232.93651670008,1418.48676849998,135,forced_at_window_end
protocol-1.1,ablation,kroA150.tsp,150,EUC_2D,medium,MSA-no-scale-adaptation,hybrid_v4_2,3,20360904,bdf8690b5c34df07,26762,26524,0.897300557985221,31447,41551,1892443294,5550,36001,0,36000,3600,112923445,135571,600,239086144,7741,352009589,36,0.0324734000023454,5.28204279998317,1434.6141107,1249.4002541001,1439.93064589999,135,forced_at_window_end
protocol-1.1,ablation,kroA150.tsp,150,EUC_2D,medium,MSA-no-scale-adaptation,hybrid_v4_2,4,20360905,bdf8690b5c34df07,26838,26524,1.18383350927462,31365,40051,1907888628,4050,36001,0,36000,3600,113337459,136004,600,241421857,7937,354759316,26,0.032778299995698,4.25729809998302,1454.12373180001,1267.49617939978,1458.41644980002,132,entropy_trigger
protocol-1.1,ablation,kroA150.tsp,150,EUC_2D,medium,MSA-no-scale-adaptation,hybrid_v4_2,5,20360906,bdf8690b5c34df07,26675,26524,0.569295732167094,31479,38401,1905844758,2400,36001,0,36000,3600,112236198,135180,600,241856636,8006,354092834,15,0.0332858000183478,2.3740294999734,1421.35000850001,1238.67562699981,1423.759532,135,forced_at_window_end
protocol-1.1,ablation,kroA150.tsp,150,EUC_2D,medium,MSA-no-scale-adaptation,hybrid_v4_2,6,20360907,bdf8690b5c34df07,26626,26524,0.384557381993666,31479,38401,1899991962,2400,36001,0,36000,3600,113075679,136154,600,240321516,7828,353397195,15,0.0286760999879334,2.2531253999914,1407.50778499999,1226.52566670027,1409.79102090001,135,forced_at_window_end
protocol-1.1,ablation,kroA150.tsp,150,EUC_2D,medium,MSA-no-scale-adaptation,hybrid_v4_2,7,20360908,bdf8690b5c34df07,26736,26524,0.799276127280953,31086,42451,1887324706,6450,36001,0,36000,3600,111742996,134833,600,238997512,7800,350740508,42,0.0325226999993902,6.09504219997325,1386.1237693,1205.9612462997,1392.25219539998,135,forced_at_window_end
protocol-1.1,ablation,kroA150.tsp,150,EUC_2D,medium,MSA-no-scale-adaptation,hybrid_v4_2,8,20360909,bdf8690b5c34df07,26713,26524,0.712562207811793,31750,40201,1938931788,4200,36001,0,36000,3600,112489410,134736,600,247157333,8145,359646743,27,0.0303516999993008,3.97650260000955,1411.93215949999,1235.07885290013,1415.94037569998,135,forced_at_window_end
protocol-1.1,ablation,kroA150.tsp,150,EUC_2D,medium,MSA-no-scale-adaptation,hybrid_v4_2,9,20360910,bdf8690b5c34df07,26657,26524,0.501432664756447,31354,40801,1909835940,4800,36001,0,36000,3600,113564352,137419,600,241576397,7748,355140749,31,0.0310144999821205,4.4689914000046,1410.77348550002,1229.12641250034,1415.27470579999,135,forced_at_window_end
protocol-1.1,ablation,kroA150.tsp,150,EUC_2D,medium,MSA-no-scale-adaptation,hybrid_v4_2,10,20360911,bdf8690b5c34df07,26717,26524,0.727642889458604,31479,38401,1904641544,2400,36001,0,36000,3600,112737185,135019,600,241322109,7949,354059294,15,0.0264383000030648,2.23607789998641,1392.79662340001,1213.61436919987,1395.0604094,135,forced_at_window_end
protocol-1.1,ablation,kroA150.tsp,150,EUC_2D,medium,MSA-no-scale-adaptation,hybrid_v4_2,11,20360912,bdf8690b5c34df07,26770,26524,0.927461921278842,31342,41701,1880967414,5700,36001,0,36000,3600,112139100,135396,600,237692644,7763,349831744,37,0.0317285999772139,5.30515800000285,1392.06334580001,1210.12299880001,1397.40150770001,135,forced_at_window_end
protocol-1.1,ablation,kroA150.tsp,150,EUC_2D,medium,MSA-no-scale-adaptation,hybrid_v4_2,12,20360913,bdf8690b5c34df07,26645,26524,0.456190619816016,31262,38701,1912923358,2700,36001,0,36000,3600,112938151,135675,600,242560934,7869,355499085,17,0.0348277000011876,3.10004290001234,1487.1967265,1292.18851130008,1490.33309110001,133,entropy_trigger
protocol-1.1,ablation,kroA150.tsp,150,EUC_2D,medium,MSA-no-scale-adaptation,hybrid_v4_2,13,20360914,bdf8690b5c34df07,26732,26524,0.784195445634143,31479,38401,1909109274,2400,36001,0,36000,3600,114558228,137106,600,240852702,7801,355410930,15,0.0580216000089422,2.39713669999037,1514.63257099999,1316.73352320021,1517.08950820001,135,forced_at_window_end
protocol-1.1,ablation,kroA150.tsp,150,EUC_2D,medium,MSA-no-scale-adaptation,hybrid_v4_2,14,20360915,bdf8690b5c34df07,26679,26524,0.584376413813904,31497,41551,1918541190,5550,36001,0,36000,3600,113728011,135811,600,242899416,7894,356627427,36,0.0316263000131585,5.58100259999628,1456.579543,1270.47904120004,1462.19377010001,135,forced_at_window_end
protocol-1.1,ablation,kroA150.tsp,150,EUC_2D,medium,MSA-no-scale-adaptation,hybrid_v4_2,15,20360916,bdf8690b5c34df07,26686,26524,0.610767606695823,31436,38551,1956139362,2550,36001,0,36000,3600,112645761,136111,600,249962278,8243,362608039,16,0.0303829999756999,2.43960319997859,1125.7794881,979.56065579984,1128.25162549998,135,forced_at_window_end
protocol-1.1,ablation,kroA150.tsp,150,EUC_2D,medium,MSA-nonadaptive-3opt,hybrid_v4_2,1,20360902,180b89995e518175,26623,26524,0.373246870758558,31479,38401,3359068664,2400,36001,0,36000,3000,99392861,118900,1200,492622845,15297,592015706,15,0.0235556999978144,2.08444970002165,2280.16557849999,2095.70041379987,2282.27952790001,135,forced_at_window_end
protocol-1.1,ablation,kroA150.tsp,150,EUC_2D,medium,MSA-nonadaptive-3opt,hybrid_v4_2,2,20360903,180b89995e518175,26661,26524,0.516513346403257,31479,38401,3333416328,2400,36001,0,36000,3000,99758220,119759,1200,488103883,15910,587862103,15,0.0286968000000343,2.20164809998823,2280.79311600002,2094.98306150004,2283.02852360002,135,forced_at_window_end
protocol-1.1,ablation,kroA150.tsp,150,EUC_2D,medium,MSA-nonadaptive-3opt,hybrid_v4_2,3,20360904,180b89995e518175,26675,26524,0.569295732167094,31447,41551,3392896882,5550,36001,0,36000,3000,99914851,119030,1200,497834138,15722,597748989,36,0.0312886999745388,5.15504469998996,2322.83453719999,2137.92007400023,2328.02312709999,135,forced_at_window_end
protocol-1.1,ablation,kroA150.tsp,150,EUC_2D,medium,MSA-nonadaptive-3opt,hybrid_v4_2,4,20360905,180b89995e518175,26650,26524,0.475041471874529,31365,40051,3291097564,4050,36001,0,36000,3000,99955738,120242,1200,480877827,15505,580833565,26,0.0298765999905299,3.91057159999036,2257.70967480002,2072.00352319962,2261.65148260002,135,forced_at_window_end
protocol-1.1,ablation,kroA150.tsp,150,EUC_2D,medium,MSA-nonadaptive-3opt,hybrid_v4_2,5,20360906,180b89995e518175,26650,26524,0.475041471874529,31479,38401,3253846540,2400,36001,0,36000,3000,100776361,120774,1200,474163491,14372,574939852,15,0.0325486999936402,2.23555819998728,2197.29896270001,2016.23914210027,2199.56843859999,135,forced_at_window_end
protocol-1.1,ablation,kroA150.tsp,150,EUC_2D,medium,MSA-nonadaptive-3opt,hybrid_v4_2,6,20360907,180b89995e518175,26679,26524,0.584376413813904,31479,38401,3319077176,2400,36001,0,36000,3000,98312831,118744,1200,486677617,15425,584990448,15,0.0294724999985192,2.29970790000516,2206.8154586,2026.85225990025,2209.1461551,135,forced_at_window_end
protocol-1.1,ablation,kroA150.tsp,150,EUC_2D,medium,MSA-nonadaptive-3opt,hybrid_v4_2,7,20360908,180b89995e518175,26626,26524,0.384557381993666,31086,42451,3375187984,6450,36001,0,36000,3000,101382376,120705,1200,493881805,15741,595264181,42,0.0332679999992251,6.49910639997688,2247.235629,2068.56163470002,2253.76933259997,135,forced_at_window_end
protocol-1.1,ablation,kroA150.tsp,150,EUC_2D,medium,MSA-nonadaptive-3opt,hybrid_v4_2,8,20360909,180b89995e518175,26726,26524,0.761574423163927,31750,40201,3379422186,4200,36001,0,36000,3000,101656419,121242,1200,494461060,15633,596117479,27,0.0326835999730974,4.1115822000138,2231.53014429999,2053.86326060005,2235.67556449998,135,forced_at_window_end
protocol-1.1,ablation,kroA150.tsp,150,EUC_2D,medium,MSA-nonadaptive-3opt,hybrid_v4_2,9,20360910,180b89995e518175,26696,26524,0.648469310812849,31354,40801,3414710832,4800,36001,0,36000,3000,100227231,120439,1200,501280293,15643,601507524,31,0.0315476999967359,4.81913540000096,2264.92996929999,2086.3725438999,2269.78135050001,135,forced_at_window_end
protocol-1.1,ablation,kroA150.tsp,150,EUC_2D,medium,MSA-nonadaptive-3opt,hybrid_v4_2,10,20360911,180b89995e518175,26624,26524,0.377017041170261,31479,38401,3316956410,2400,36001,0,36000,3000,101723312,121541,1200,484050502,14900,585773814,15,0.0316817999992054,2.24095810001018,2200.56050960001,2022.02617129954,2202.83429919998,135,forced_at_window_end
protocol-1.1,ablation,kroA150.tsp,150,EUC_2D,medium,MSA-nonadaptive-3opt,hybrid_v4_2,11,20360912,180b89995e518175,26641,26524,0.441109938169205,31342,41701,3371518208,5700,36001,0,36000,3000,99998198,120408,1200,494211711,15691,594209909,37,0.0564178999920841,5.53948889998719,2343.00367179999,2151.37854240011,2348.60028320001,135,forced_at_window_end
protocol-1.1,ablation,kroA150.tsp,150,EUC_2D,medium,MSA-nonadaptive-3opt,hybrid_v4_2,12,20360913,180b89995e518175,26727,26524,0.76534459357563,31262,38701,3317125464,2700,36001,0,36000,3000,99752601,118382,1200,485384985,15127,585137586,17,0.0331512000120711,2.66754250001395,2369.56581980002,2173.60402709953,2372.26737420002,135,forced_at_window_end
protocol-1.1,ablation,kroA150.tsp,150,EUC_2D,medium,MSA-nonadaptive-3opt,hybrid_v4_2,13,20360914,180b89995e518175,26685,26524,0.60699743628412,31479,38401,3384926336,2400,36001,0,36000,3000,100909847,119900,1200,495921133,15662,596830980,15,0.0325768000038806,2.47392910000053,2392.5916593,2198.84169120021,2395.09897779999,135,forced_at_window_end
protocol-1.1,ablation,kroA150.tsp,150,EUC_2D,medium,MSA-nonadaptive-3opt,hybrid_v4_2,14,20360915,180b89995e518175,26704,26524,0.67863067410647,31497,41551,3285418530,5550,36001,0,36000,3000,99366564,118902,1200,480286604,14587,579653168,36,0.03211190001457,5.73142119997647,2040.24409379999,1869.30704330024,2046.01205409999,135,forced_at_window_end
protocol-1.1,ablation,kroA150.tsp,150,EUC_2D,medium,MSA-nonadaptive-3opt,hybrid_v4_2,15,20360916,180b89995e518175,26571,26524,0.177198009350023,31436,38551,3292801476,2550,36001,0,36000,3000,101372832,120120,1200,480254583,15098,581627415,16,0.0319285999867134,2.5789669000078,1546.3591459,1416.01921750029,1548.97073529998,135,forced_at_window_end
protocol-1.1,ablation,kroC100.tsp,100,EUC_2D,small,MSA-ACO,hybrid_v4_2,1,20560902,06d8b74293ac6ef6,20749,20749,0,23011,28351,359865812,4350,24001,0,24000,2400,6802630,7396,600,54970032,507,61772662,28,0.0144778000030783,1.8419167999964,201.110388699999,153.330019000015,202.967048400002,77,entropy_trigger
protocol-1.1,ablation,kroC100.tsp,100,EUC_2D,small,MSA-ACO,hybrid_v4_2,2,20560903,06d8b74293ac6ef6,20749,20749,0,23660,26401,365711540,2400,24001,0,24000,2400,6652177,6864,600,56077122,613,62729299,15,0.00737990000197897,0.894253699996625,206.725088300002,158.72130949999,207.626906600002,80,entropy_trigger
protocol-1.1,ablation,kroC100.tsp,100,EUC_2D,small,MSA-ACO,hybrid_v4_2,3,20560904,06d8b74293ac6ef6,20749,20749,0,23618,27751,404667542,3750,24001,0,24000,2400,8490880,10465,600,61321487,773,69812367,24,0.0137279000045964,1.67178540000168,231.431599000003,181.284434299989,233.117397800001,88,entropy_trigger
protocol-1.1,ablation,kroC100.tsp,100,EUC_2D,small,MSA-ACO,hybrid_v4_2,4,20560905,06d8b74293ac6ef6,20749,20749,0,23011,28651,381067236,4650,24001,0,24000,2400,7358795,8117,600,58127826,590,65486621,30,0.0134806999994908,2.06406810000044,213.107303600002,164.885446299988,215.185135599997,85,entropy_trigger
protocol-1.1,ablation,kroC100.tsp,100,EUC_2D,small,MSA-ACO,hybrid_v4_2,5,20560906,06d8b74293ac6ef6,20749,20749,0,23660,26401,372688680,2400,24001,0,24000,2400,7228217,8075,600,56855952,634,64084169,15,0.00741719999496127,1.00810369999817,210.489181199999,162.419468799962,211.505276900003,86,entropy_trigger
protocol-1.1,ablation,kroC100.tsp,100,EUC_2D,small,MSA-ACO,hybrid_v4_2,6,20560907,06d8b74293ac6ef6,20749,20749,0,23660,26401,408925440,2400,24001,0,24000,2400,8222021,9724,600,62232876,735,70454897,15,0.00754139999480685,0.967282599995087,226.101188500004,178.638645800129,227.076722799997,80,entropy_trigger
protocol-1.1,ablation,kroC100.tsp,100,EUC_2D,small,MSA-ACO,hybrid_v4_2,7,20560908,06d8b74293ac6ef6,20749,20749,0,23342,26551,466160122,2550,24001,0,24000,2400,9024057,11012,600,71234799,1011,80258856,16,0.00732019999850309,0.964245300005132,246.8422326,199.426744899982,247.814024500003,80,entropy_trigger
protocol-1.1,ablation,kroC100.tsp,100,EUC_2D,small,MSA-ACO,hybrid_v4_2,8,20560909,06d8b74293ac6ef6,20749,20749,0,23660,26401,370220500,2400,24001,0,24000,2400,7079577,7731,600,56543682,669,63623259,15,0.00776519999635639,0.999592100000882,207.532598099999,160.037662999843,208.5402024,84,entropy_trigger
protocol-1.1,ablation,kroC100.tsp,100,EUC_2D,small,MSA-ACO,hybrid_v4_2,9,20560910,06d8b74293ac6ef6,20749,20749,0,23660,26401,391817892,2400,24001,0,24000,2400,7645343,8669,600,59766070,711,67411413,15,0.00718340000457829,0.959403300003032,218.315512599998,170.771863499998,219.282278999999,77,entropy_trigger
protocol-1.1,ablation,kroC100.tsp,100,EUC_2D,small,MSA-ACO,hybrid_v4_2,10,20560911,06d8b74293ac6ef6,20749,20749,0,23006,29101,383638048,5100,24001,0,24000,2400,7059372,7540,600,58748410,624,65807782,33,0.00710719999915455,1.96914130000368,218.9254526,169.595480500095,220.901888200002,77,entropy_trigger
protocol-1.1,ablation,kroC100.tsp,100,EUC_2D,small,MSA-ACO,hybrid_v4_2,11,20560912,06d8b74293ac6ef6,20749,20749,0,23595,27901,410118156,3900,24001,0,24000,2400,8168894,9519,600,62442080,754,70610974,25,0.00730050000129268,1.76924380000128,230.921724799999,182.139943800059,232.698461200001,79,entropy_trigger
protocol-1.1,ablation,kroC100.tsp,100,EUC_2D,small,MSA-ACO,hybrid_v4_2,12,20560913,06d8b74293ac6ef6,20749,20749,0,22915,30451,431878296,6450,24001,0,24000,2400,8812862,10829,600,65596958,857,74409820,42,0.00737619999563321,2.62911870000244,233.4697524,186.189867199981,236.106529799996,82,entropy_trigger
protocol-1.1,ablation,kroC100.tsp,100,EUC_2D,small,MSA-ACO,hybrid_v4_2,13,20560914,06d8b74293ac6ef6,20749,20749,0,23660,26401,376663048,2400,24001,0,24000,2400,7067793,7517,600,57625296,651,64693089,15,0.0069943000053172,1.02892710000015,212.549364599996,163.834809800042,213.585524900001,77,entropy_trigger
protocol-1.1,ablation,kroC100.tsp,100,EUC_2D,small,MSA-ACO,hybrid_v4_2,14,20560915,06d8b74293ac6ef6,20749,20749,0,23451,27601,375835578,3600,24001,0,24000,2400,7030139,7965,600,57492487,646,64522626,23,0.00703290000092238,1.50145159999374,208.811176499999,160.889023399948,210.319956800005,82,entropy_trigger
protocol-1.1,ablation,kroC100.tsp,100,EUC_2D,small,MSA-ACO,hybrid_v4_2,15,20560916,06d8b74293ac6ef6,20749,20749,0,23660,26401,379201216,2400,24001,0,24000,2400,7083126,7802,600,58038102,670,65121228,15,0.00723020000441466,0.942600700000185,210.665220800001,163.258433299903,211.615234100005,97,entropy_trigger
protocol-1.1,ablation,kroC100.tsp,100,EUC_2D,small,MSA-fixed-switch,hybrid_v4_2,1,20560902,ae993fda1af22cd9,20749,20749,0,23011,28351,446912920,4350,24001,0,24000,2400,8920257,11048,600,68066132,875,76986389,28,0.00740989999758312,1.75001550000161,240.319514399998,192.395965299933,242.077128099998,105,fixed_control
protocol-1.1,ablation,kroC100.tsp,100,EUC_2D,small,MSA-fixed-switch,hybrid_v4_2,2,20560903,ae993fda1af22cd9,20749,20749,0,23660,26401,399853616,2400,24001,0,24000,2400,7838488,8857,600,60976594,785,68815082,15,0.00707099999999627,0.915496900001017,221.009742599999,172.51111240001,221.932509300001,105,fixed_control
protocol-1.1,ablation,kroC100.tsp,100,EUC_2D,small,MSA-fixed-switch,hybrid_v4_2,3,20560904,ae993fda1af22cd9,20749,20749,0,23618,27751,382819322,3750,24001,0,24000,2400,7465348,8753,600,58363805,717,65829153,24,0.0127304999987246,1.52324229999795,216.117379399999,167.46108590009,217.653643700003,105,fixed_control
protocol-1.1,ablation,kroC100.tsp,100,EUC_2D,small,MSA-fixed-switch,hybrid_v4_2,4,20560905,ae993fda1af22cd9,20749,20749,0,23011,28651,436027706,4650,24001,0,24000,2400,9294493,11484,600,65997439,870,75291932,30,0.00787330000457587,1.97418949999701,238.283765699998,190.120234900009,240.266082800001,105,fixed_control
protocol-1.1,ablation,kroC100.tsp,100,EUC_2D,small,MSA-fixed-switch,hybrid_v4_2,5,20560906,ae993fda1af22cd9,20749,20749,0,23660,26401,408646000,2400,24001,0,24000,2400,8235879,9955,600,62177064,827,70412943,15,0.00784440000279574,1.17549390000204,226.237191399996,178.567809300024,227.4208784,105,fixed_control
protocol-1.1,ablation,kroC100.tsp,100,EUC_2D,small,MSA-fixed-switch,hybrid_v4_2,6,20560907,ae993fda1af22cd9,20749,20749,0,23660,26401,384225260,2400,24001,0,24000,2400,7530718,8516,600,58577048,693,66107766,15,0.00745409999944968,0.905018400000699,213.548766899999,165.450520600025,214.461803099999,105,fixed_control
protocol-1.1,ablation,kroC100.tsp,100,EUC_2D,small,MSA-fixed-switch,hybrid_v4_2,7,20560908,ae993fda1af22cd9,20749,20749,0,23342,26551,421678842,2550,24001,0,24000,2400,7889840,9242,600,64577397,834,72467237,16,0.00725599999714177,0.99015430000145,231.4089723,183.788009700031,232.406634599996,105,fixed_control
protocol-1.1,ablation,kroC100.tsp,100,EUC_2D,small,MSA-fixed-switch,hybrid_v4_2,8,20560909,ae993fda1af22cd9,20749,20749,0,23660,26401,409002280,2400,24001,0,24000,2400,8053182,9379,600,62358242,824,70411424,15,0.00724900000204798,0.946317000001727,222.072894299999,174.442346000011,223.026666800004,105,fixed_control
protocol-1.1,ablation,kroC100.tsp,100,EUC_2D,small,MSA-fixed-switch,hybrid_v4_2,9,20560910,ae993fda1af22cd9,20749,20749,0,23660,26401,397400436,2400,24001,0,24000,2400,8036570,9429,600,60435676,812,68472246,15,0.00741820000257576,0.938270400001784,219.881083199994,172.217992200058,220.826990300004,105,fixed_control
protocol-1.1,ablation,kroC100.tsp,100,EUC_2D,small,MSA-fixed-switch,hybrid_v4_2,10,20560911,ae993fda1af22cd9,20749,20749,0,23006,29101,399794358,5100,24001,0,24000,2400,7637090,8529,600,61055983,765,68693073,33,0.00790419999975711,2.13115069999913,228.829738100001,178.528151199913,230.969040900003,105,fixed_control
protocol-1.1,ablation,kroC100.tsp,100,EUC_2D,small,MSA-fixed-switch,hybrid_v4_2,11,20560912,ae993fda1af22cd9,20749,20749,0,23595,27901,414524540,3900,24001,0,24000,2400,8978857,11059,600,62636502,848,71615359,25,0.00794849999510916,1.79203060000145,229.2468553,181.50594409999,231.047102099998,105,fixed_control
protocol-1.1,ablation,kroC100.tsp,100,EUC_2D,small,MSA-fixed-switch,hybrid_v4_2,12,20560913,ae993fda1af22cd9,20749,20749,0,22915,30451,409591504,6450,24001,0,24000,2400,8435079,10371,600,62134348,830,70569427,42,0.0125305999972625,2.69613490000484,224.665265200005,177.409078399985,227.374210000002,105,fixed_control
protocol-1.1,ablation,kroC100.tsp,100,EUC_2D,small,MSA-fixed-switch,hybrid_v4_2,13,20560914,ae993fda1af22cd9,20749,20749,0,23660,26401,414693674,2400,24001,0,24000,2400,8554309,10225,600,62972723,899,71527032,15,0.00970100000267848,0.891469900001539,225.246647599997,178.178531099969,226.148078400001,105,fixed_control
protocol-1.1,ablation,kroC100.tsp,100,EUC_2D,small,MSA-fixed-switch,hybrid_v4_2,14,20560915,ae993fda1af22cd9,20749,20749,0,23451,27601,442274704,3600,24001,0,24000,2400,9050256,11369,600,67218930,950,76269186,23,0.00746259999868926,1.46109759999672,241.515436200003,193.38008720005,242.984629999999,105,fixed_control
protocol-1.1,ablation,kroC100.tsp,100,EUC_2D,small,MSA-fixed-switch,hybrid_v4_2,15,20560916,ae993fda1af22cd9,20749,20749,0,23660,26401,383968662,2400,24001,0,24000,2400,7355054,8121,600,58651391,678,66006445,15,0.00712159999966389,0.875596800004132,208.651954100002,162.496773600047,209.535353899999,105,fixed_control
protocol-1.1,ablation,kroC100.tsp,100,EUC_2D,small,MSA-no-2opt,hybrid_v4_2,1,20560902,a76e8cd0b0af7fbf,20749,20749,0,23011,28351,430831570,4350,24001,0,24000,0,0,0,600,71332745,3343,71332745,28,0.00759370000014314,1.92021970000496,229.661420599994,181.819839699987,231.589432400004,86,entropy_trigger
protocol-1.1,ablation,kroC100.tsp,100,EUC_2D,small,MSA-no-2opt,hybrid_v4_2,2,20560903,a76e8cd0b0af7fbf,20749,20749,0,23660,26401,522910636,2400,24001,0,24000,0,0,0,600,86711756,4652,86711756,15,0.00711120000050869,0.924230799995712,271.1797143,222.186113399926,272.1112507,89,entropy_trigger
protocol-1.1,ablation,kroC100.tsp,100,EUC_2D,small,MSA-no-2opt,hybrid_v4_2,3,20560904,a76e8cd0b0af7fbf,20749,20749,0,23618,27751,592513822,3750,24001,0,24000,0,0,0,600,98289787,4963,98289787,24,0.00737890000164043,1.72521779999806,304.210527199997,255.706576900098,305.943342699997,91,entropy_trigger
protocol-1.1,ablation,kroC100.tsp,100,EUC_2D,small,MSA-no-2opt,hybrid_v4_2,4,20560905,a76e8cd0b0af7fbf,20749,20749,0,23011,28651,481693438,4650,24001,0,24000,0,0,0,600,79804723,4049,79804723,30,0.00724919999629492,1.98193600000377,250.825369899998,203.32122820009,252.814821300002,77,entropy_trigger
protocol-1.1,ablation,kroC100.tsp,100,EUC_2D,small,MSA-no-2opt,hybrid_v4_2,5,20560906,a76e8cd0b0af7fbf,20749,20749,0,23660,26401,461507914,2400,24001,0,24000,0,0,0,600,76477969,3791,76477969,15,0.0074737000031746,0.919373899996572,241.713918599999,193.789412900078,242.641084700001,77,entropy_trigger
protocol-1.1,ablation,kroC100.tsp,100,EUC_2D,small,MSA-no-2opt,hybrid_v4_2,6,20560907,a76e8cd0b0af7fbf,20749,20749,0,23660,26401,554216548,2400,24001,0,24000,0,0,0,600,91929408,4243,91929408,15,0.00867009999637958,0.936513300002844,281.758794400004,234.186768099993,282.704244300003,79,entropy_trigger
protocol-1.1,ablation,kroC100.tsp,100,EUC_2D,small,MSA-no-2opt,hybrid_v4_2,7,20560908,a76e8cd0b0af7fbf,20749,20749,0,23342,26551,466650298,2550,24001,0,24000,0,0,0,600,77332533,3837,77332533,16,0.00813139999809209,1.03078679999453,248.530116000002,200.369639000062,249.569258000003,85,entropy_trigger
protocol-1.1,ablation,kroC100.tsp,100,EUC_2D,small,MSA-no-2opt,hybrid_v4_2,8,20560909,a76e8cd0b0af7fbf,20749,20749,0,23660,26401,547502152,2400,24001,0,24000,0,0,0,600,90810342,4393,90810342,15,0.00709970000025351,0.942471599999408,281.887924099996,233.833240099884,282.8376861,77,entropy_trigger
protocol-1.1,ablation,kroC100.tsp,100,EUC_2D,small,MSA-no-2opt,hybrid_v4_2,9,20560910,a76e8cd0b0af7fbf,20749,20749,0,23660,26401,444585028,2400,24001,0,24000,0,0,0,600,73657488,3598,73657488,15,0.0144595000019763,1.02558929999941,234.792335800004,187.906713400022,235.8326676,81,entropy_trigger
protocol-1.1,ablation,kroC100.tsp,100,EUC_2D,small,MSA-no-2opt,hybrid_v4_2,10,20560911,a76e8cd0b0af7fbf,20749,20749,0,23006,29101,438716746,5100,24001,0,24000,0,0,0,600,72634441,3525,72634441,33,0.00788369999645511,2.00883069999691,238.026134299995,188.372426299939,240.043144199997,85,entropy_trigger
protocol-1.1,ablation,kroC100.tsp,100,EUC_2D,small,MSA-no-2opt,hybrid_v4_2,11,20560912,a76e8cd0b0af7fbf,20749,20749,0,23595,27901,507000736,3900,24001,0,24000,0,0,0,600,84035106,4722,84035106,25,0.0131111999944551,1.5287462999986,262.689820799998,214.183139200111,264.2319833,77,entropy_trigger
protocol-1.1,ablation,kroC100.tsp,100,EUC_2D,small,MSA-no-2opt,hybrid_v4_2,12,20560913,a76e8cd0b0af7fbf,20749,20749,0,22915,30451,449709844,6450,24001,0,24000,0,0,0,600,74444124,3474,74444124,42,0.00779329999932088,2.62786760000017,237.208028499997,189.826573400045,239.843942799998,89,entropy_trigger
protocol-1.1,ablation,kroC100.tsp,100,EUC_2D,small,MSA-no-2opt,hybrid_v4_2,13,20560914,a76e8cd0b0af7fbf,20749,20749,0,23660,26401,616304026,2400,24001,0,24000,0,0,0,600,102277321,5877,102277321,15,0.0118722000042908,0.887558100002934,309.089402599995,261.135402400003,309.989133200004,79,entropy_trigger
protocol-1.1,ablation,kroC100.tsp,100,EUC_2D,small,MSA-no-2opt,hybrid_v4_2,14,20560915,a76e8cd0b0af7fbf,20749,20749,0,23451,27601,462933376,3600,24001,0,24000,0,0,0,600,76695546,3924,76695546,23,0.00724799999443348,1.42762129999755,244.542559199996,197.207900899935,245.977739399998,77,entropy_trigger
protocol-1.1,ablation,kroC100.tsp,100,EUC_2D,small,MSA-no-2opt,hybrid_v4_2,15,20560916,a76e8cd0b0af7fbf,20749,20749,0,23660,26401,430377622,2400,24001,0,24000,0,0,0,600,71289587,3309,71289587,15,0.00721510000585113,0.90750339999795,216.351318600005,172.510811399923,217.266334499996,77,entropy_trigger
protocol-1.1,ablation,kroC100.tsp,100,EUC_2D,small,MSA-no-3opt,hybrid_v4_2,1,20560902,3350416354f41c33,20749,20749,0,23011,28351,33437396,4350,24001,0,24000,2400,7650574,8424,0,0,0,7650574,28,0.00756649999675574,1.83103919999849,65.1219031000001,16.9653610998866,66.9606996000002,91,entropy_trigger
protocol-1.1,ablation,kroC100.tsp,100,EUC_2D,small,MSA-no-3opt,hybrid_v4_2,2,20560903,3350416354f41c33,20749,20749,0,23660,26401,37280568,2400,24001,0,24000,2400,8660117,10248,0,0,0,8660117,15,0.00746259999868926,0.932840399997076,66.2033469000016,18.6365252999312,67.1438620999979,88,entropy_trigger
protocol-1.1,ablation,kroC100.tsp,100,EUC_2D,small,MSA-no-3opt,hybrid_v4_2,3,20560904,3350416354f41c33,20749,20749,0,23618,27751,38432588,3750,24001,0,24000,2400,8914372,10548,0,0,0,8914372,24,0.00761890000285348,1.57387169999856,72.3547653999995,21.051754899956,73.9364661,77,entropy_trigger
protocol-1.1,ablation,kroC100.tsp,100,EUC_2D,small,MSA-no-3opt,hybrid_v4_2,4,20560905,3350416354f41c33,20749,20749,0,23011,28651,32943084,4650,24001,0,24000,2400,7519496,7956,0,0,0,7519496,30,0.00758309999946505,1.86866110000119,65.2004691000038,16.6993520998803,67.076990600006,84,entropy_trigger
protocol-1.1,ablation,kroC100.tsp,100,EUC_2D,small,MSA-no-3opt,hybrid_v4_2,5,20560906,3350416354f41c33,20749,20749,0,23660,26401,34095224,2400,24001,0,24000,2400,7863781,8705,0,0,0,7863781,15,0.00708190000295872,0.954060699994443,65.1985287999996,17.6504146000079,66.1599617000029,77,entropy_trigger
protocol-1.1,ablation,kroC100.tsp,100,EUC_2D,small,MSA-no-3opt,hybrid_v4_2,6,20560907,3350416354f41c33,20749,20749,0,23660,26401,37646700,2400,24001,0,24000,2400,8751650,10224,0,0,0,8751650,15,0.00726730000315001,1.00085150000086,67.3624842999998,19.0926471000275,68.3708241999993,77,entropy_trigger
protocol-1.1,ablation,kroC100.tsp,100,EUC_2D,small,MSA-no-3opt,hybrid_v4_2,7,20560908,3350416354f41c33,20749,20749,0,23342,26551,38064232,2550,24001,0,24000,2400,8852283,10329,0,0,0,8852283,16,0.00716970000212314,1.02176150000014,66.8650355999998,19.7389251000131,67.8941601000042,77,entropy_trigger
protocol-1.1,ablation,kroC100.tsp,100,EUC_2D,small,MSA-no-3opt,hybrid_v4_2,8,20560909,3350416354f41c33,20749,20749,0,23660,26401,31239084,2400,24001,0,24000,2400,7149746,7520,0,0,0,7149746,15,0.00738319999800297,0.914448999996239,63.5841843000017,15.7680903000146,64.506212100001,82,entropy_trigger
protocol-1.1,ablation,kroC100.tsp,100,EUC_2D,small,MSA-no-3opt,hybrid_v4_2,9,20560910,3350416354f41c33,20749,20749,0,23660,26401,30722248,2400,24001,0,24000,2400,7020537,6999,0,0,0,7020537,15,0.00727180000103544,0.928758499998366,62.5583774000042,15.1953041999805,63.4946718000065,83,entropy_trigger
protocol-1.1,ablation,kroC100.tsp,100,EUC_2D,small,MSA-no-3opt,hybrid_v4_2,10,20560911,3350416354f41c33,20749,20749,0,23006,29101,38819180,5100,24001,0,24000,2400,8977270,10603,0,0,0,8977270,33,0.0074419999946258,2.0597024000017,67.0771134999959,19.4419282999224,69.1444694999955,93,entropy_trigger
protocol-1.1,ablation,kroC100.tsp,100,EUC_2D,small,MSA-no-3opt,hybrid_v4_2,11,20560912,3350416354f41c33,20798,20749,0.236155959323341,23595,27901,30060736,3900,24001,0,24000,2400,6817659,7161,0,0,0,6817659,25,0.00749799999903189,1.50764860000345,63.5997386999952,15.7255473998957,65.1150959999941,77,entropy_trigger
protocol-1.1,ablation,kroC100.tsp,100,EUC_2D,small,MSA-no-3opt,hybrid_v4_2,12,20560913,3350416354f41c33,20749,20749,0,22915,30451,42031612,6450,24001,0,24000,2400,9746628,11839,0,0,0,9746628,42,0.00728190000518225,2.53905440000381,68.2444151999953,20.9110096998556,70.7909488000005,88,entropy_trigger
protocol-1.1,ablation,kroC100.tsp,100,EUC_2D,small,MSA-no-3opt,hybrid_v4_2,13,20560914,3350416354f41c33,20749,20749,0,23660,26401,30859956,2400,24001,0,24000,2400,7054964,7451,0,0,0,7054964,15,0.00748029999522259,0.928661300000385,63.6128203000044,15.4947577999847,64.5492095000009,83,entropy_trigger
protocol-1.1,ablation,kroC100.tsp,100,EUC_2D,small,MSA-no-3opt,hybrid_v4_2,14,20560915,3350416354f41c33,20749,20749,0,23451,27601,31982320,3600,24001,0,24000,2400,7305555,7808,0,0,0,7305555,23,0.00718469999992521,1.41993659999571,65.0592308999985,16.149511599906,66.4865379999974,77,entropy_trigger
protocol-1.1,ablation,kroC100.tsp,100,EUC_2D,small,MSA-no-3opt,hybrid_v4_2,15,20560916,3350416354f41c33,20749,20749,0,23660,26401,30412940,2400,24001,0,24000,2400,6943210,7550,0,0,0,6943210,15,0.0129375999968033,0.929953200000455,63.0781849999985,15.1169342000212,64.021338999999,86,entropy_trigger
protocol-1.1,ablation,kroC100.tsp,100,EUC_2D,small,MSA-no-GA-init,hybrid_v4_2,1,20560902,6ac39e78a5aef412,20749,20749,0,,24001,364342238,0,24001,0,24000,2400,7106737,8018,600,55585865,561,62692602,0,0.0112321999986307,0.0000290000025415793,203.853173700001,156.022699199893,203.864631299999,77,entropy_trigger
protocol-1.1,ablation,kroC100.tsp,100,EUC_2D,small,MSA-no-GA-init,hybrid_v4_2,2,20560903,6ac39e78a5aef412,20749,20749,0,,24001,380688374,0,24001,0,24000,2400,7825744,9053,600,57830883,626,65656627,0,0.00793530000373721,0.0000437999988207594,214.131371299998,165.337769000049,214.139545999999,83,entropy_trigger
protocol-1.1,ablation,kroC100.tsp,100,EUC_2D,small,MSA-no-GA-init,hybrid_v4_2,3,20560904,6ac39e78a5aef412,20749,20749,0,,24001,377156446,0,24001,0,24000,2400,7424313,8340,600,57509849,633,64934162,0,0.0131323000023258,0.0000501000031363219,219.166781,169.130164699993,219.180204900003,77,entropy_trigger
protocol-1.1,ablation,kroC100.tsp,100,EUC_2D,small,MSA-no-GA-init,hybrid_v4_2,4,20560905,6ac39e78a5aef412,20749,20749,0,,24001,388617738,0,24001,0,24000,2400,7652645,8621,600,59267843,694,66920488,0,0.0128598000010243,0.000044300002628006,215.611336100003,167.758421399965,215.6244487,81,entropy_trigger
protocol-1.1,ablation,kroC100.tsp,100,EUC_2D,small,MSA-no-GA-init,hybrid_v4_2,5,20560906,6ac39e78a5aef412,20749,20749,0,,24001,379804844,0,24001,0,24000,2400,7330144,7933,600,58014028,669,65344172,0,0.00874570000451058,0.00011889999586856,213.797727800003,166.441637599972,213.807292800004,78,entropy_trigger
protocol-1.1,ablation,kroC100.tsp,100,EUC_2D,small,MSA-no-GA-init,hybrid_v4_2,6,20560907,6ac39e78a5aef412,20749,20749,0,,24001,415500492,0,24001,0,24000,2400,8379056,10047,600,63264028,796,71643084,0,0.0131333999961498,0.0000847000046633184,226.287951799997,178.793438800014,226.3013938,92,entropy_trigger
protocol-1.1,ablation,kroC100.tsp,100,EUC_2D,small,MSA-no-GA-init,hybrid_v4_2,7,20560908,6ac39e78a5aef412,20749,20749,0,,24001,377836228,0,24001,0,24000,2400,7312989,8548,600,57697362,639,65010351,0,0.00739740000426536,0.000090900000941474,211.076414999996,162.84153230003,211.084220900004,81,entropy_trigger
protocol-1.1,ablation,kroC100.tsp,100,EUC_2D,small,MSA-no-GA-init,hybrid_v4_2,8,20560909,6ac39e78a5aef412,20749,20749,0,,24001,370186206,0,24001,0,24000,2400,7516913,8719,600,56286409,602,63803322,0,0.00792739999451442,0.0000462000025436282,208.761690200001,160.748806000061,208.769855799997,84,entropy_trigger
protocol-1.1,ablation,kroC100.tsp,100,EUC_2D,small,MSA-no-GA-init,hybrid_v4_2,9,20560910,6ac39e78a5aef412,20749,20749,0,,24001,379116790,0,24001,0,24000,2400,7369857,7942,600,57872877,581,65242734,0,0.00722769999993034,0.0000699000011081807,212.930445400001,164.835633999959,212.937933499998,89,entropy_trigger
protocol-1.1,ablation,kroC100.tsp,100,EUC_2D,small,MSA-no-GA-init,hybrid_v4_2,10,20560911,6ac39e78a5aef412,20749,20749,0,,24001,383316376,0,24001,0,24000,2400,7453818,8475,600,58516834,659,65970652,0,0.00726749999739695,0.0000237999993260019,220.103220800003,170.520334100001,220.110728,77,entropy_trigger
protocol-1.1,ablation,kroC100.tsp,100,EUC_2D,small,MSA-no-GA-init,hybrid_v4_2,11,20560912,6ac39e78a5aef412,20749,20749,0,,24001,400400164,0,24001,0,24000,2400,8047329,9612,600,60968458,760,69015787,0,0.0073950000005425,0.0000692999965394847,226.765842600005,178.054657399975,226.773528800004,87,entropy_trigger
protocol-1.1,ablation,kroC100.tsp,100,EUC_2D,small,MSA-no-GA-init,hybrid_v4_2,12,20560913,6ac39e78a5aef412,20749,20749,0,,24001,418942786,0,24001,0,24000,2400,7925568,8910,600,64140069,758,72065637,0,0.00677989999530837,0.0000626999972155318,226.5997689,179.484349199949,226.606812500002,77,entropy_trigger
protocol-1.1,ablation,kroC100.tsp,100,EUC_2D,small,MSA-no-GA-init,hybrid_v4_2,13,20560914,6ac39e78a5aef412,20749,20749,0,,24001,386910190,0,24001,0,24000,2400,7701846,8864,600,58950451,689,66652297,0,0.00714199999492848,0.0000443999961134978,214.201267600001,166.108483800112,214.2086968,91,entropy_trigger
protocol-1.1,ablation,kroC100.tsp,100,EUC_2D,small,MSA-no-GA-init,hybrid_v4_2,14,20560915,6ac39e78a5aef412,20749,20749,0,,24001,378230394,0,24001,0,24000,2400,7103021,8053,600,57903035,620,65006056,0,0.00746079999953508,0.0000631000002613291,210.989015300001,163.852971599947,210.9968859,77,entropy_trigger
protocol-1.1,ablation,kroC100.tsp,100,EUC_2D,small,MSA-no-GA-init,hybrid_v4_2,15,20560916,6ac39e78a5aef412,20749,20749,0,,24001,408128738,0,24001,0,24000,2400,8068972,9412,600,62242125,742,70311097,0,0.00740049999876646,0.0000459000002592802,220.163114999996,173.081772600024,220.170754799998,80,entropy_trigger
protocol-1.1,ablation,kroC100.tsp,100,EUC_2D,small,MSA-no-rank,hybrid_v4_2,1,20560902,c254bf082018ce29,20749,20749,0,23011,28351,361299878,4350,24001,0,24000,2400,8511670,9446,600,54069683,448,62581353,28,0.00715230000059819,1.65301970000291,207.615958399998,159.82344079997,209.276323300001,77,entropy_trigger
protocol-1.1,ablation,kroC100.tsp,100,EUC_2D,small,MSA-no-rank,hybrid_v4_2,2,20560903,c254bf082018ce29,20753,20749,0.0192780374957829,23660,26401,412230844,2400,24001,0,24000,2400,10818765,13979,600,61052614,836,71871379,15,0.00756779999937862,0.926366300001973,230.038235199994,181.886220200126,230.9724001,81,entropy_trigger
protocol-1.1,ablation,kroC100.tsp,100,EUC_2D,small,MSA-no-rank,hybrid_v4_2,3,20560904,c254bf082018ce29,20749,20749,0,23618,27751,416103702,3750,24001,0,24000,2400,10123814,13353,600,62138891,839,72262705,24,0.00718339999730233,1.50641080000059,233.043731799997,184.635957399987,234.557535799999,88,entropy_trigger
protocol-1.1,ablation,kroC100.tsp,100,EUC_2D,small,MSA-no-rank,hybrid_v4_2,4,20560905,c254bf082018ce29,20749,20749,0,23011,28651,406490894,4650,24001,0,24000,2400,10499407,12936,600,60271361,777,70770768,30,0.00732469999638852,1.8961804999999,224.969669600003,177.003183900022,226.8734291,87,entropy_trigger
protocol-1.1,ablation,kroC100.tsp,100,EUC_2D,small,MSA-no-rank,hybrid_v4_2,5,20560906,c254bf082018ce29,20749,20749,0,23660,26401,393497514,2400,24001,0,24000,2400,8996921,11103,600,59144955,777,68141876,15,0.00789739999891026,1.06588059999922,219.0665028,171.14053349998,220.140583200002,77,entropy_trigger
protocol-1.1,ablation,kroC100.tsp,100,EUC_2D,small,MSA-no-rank,hybrid_v4_2,6,20560907,c254bf082018ce29,20749,20749,0,23660,26401,383538522,2400,24001,0,24000,2400,9222329,10931,600,57334851,735,66557180,15,0.00709930000448367,0.953065900001093,217.294253599997,169.064465999967,218.254645100002,84,entropy_trigger
protocol-1.1,ablation,kroC100.tsp,100,EUC_2D,small,MSA-no-rank,hybrid_v4_2,7,20560908,c254bf082018ce29,20749,20749,0,23342,26551,401787568,2550,24001,0,24000,2400,11083026,14497,600,59133394,777,70216420,16,0.0073056000037468,1.00647969999409,221.809208100007,173.980034799977,222.823224600004,92,entropy_trigger
protocol-1.1,ablation,kroC100.tsp,100,EUC_2D,small,MSA-no-rank,hybrid_v4_2,8,20560909,c254bf082018ce29,20769,20749,0.0963901874789146,23660,26401,387916986,2400,24001,0,24000,2400,9102749,10845,600,58144315,660,67247064,15,0.0138243000037619,0.878527300003043,215.032605100001,167.579305799947,215.9252394,89,entropy_trigger
protocol-1.1,ablation,kroC100.tsp,100,EUC_2D,small,MSA-no-rank,hybrid_v4_2,9,20560910,c254bf082018ce29,20749,20749,0,23660,26401,386754036,2400,24001,0,24000,2400,9501032,11452,600,57684968,729,67186000,15,0.00714209999568993,1.01794879999943,215.417770100001,167.164760899992,216.443056900003,80,entropy_trigger
protocol-1.1,ablation,kroC100.tsp,100,EUC_2D,small,MSA-no-rank,hybrid_v4_2,10,20560911,c254bf082018ce29,20749,20749,0,23006,29101,397904756,5100,24001,0,24000,2400,10525411,12836,600,58815502,698,69340913,33,0.00881769999978133,2.08320149999781,228.613696199995,178.575930600062,230.705918399995,87,entropy_trigger
protocol-1.1,ablation,kroC100.tsp,100,EUC_2D,small,MSA-no-rank,hybrid_v4_2,11,20560912,c254bf082018ce29,20749,20749,0,23595,27901,414554566,3900,24001,0,24000,2400,11015439,13834,600,61283785,869,72299224,25,0.0133795000001555,1.64112010000099,231.771009100004,183.102316099925,233.425790000001,89,entropy_trigger
protocol-1.1,ablation,kroC100.tsp,100,EUC_2D,small,MSA-no-rank,hybrid_v4_2,12,20560913,c254bf082018ce29,20749,20749,0,22915,30451,407532074,6450,24001,0,24000,2400,11019361,14053,600,60068255,812,71087616,42,0.00709959999949206,2.6181082999974,225.028873099996,177.513436699905,227.654297300003,86,entropy_trigger
protocol-1.1,ablation,kroC100.tsp,100,EUC_2D,small,MSA-no-rank,hybrid_v4_2,13,20560914,c254bf082018ce29,20749,20749,0,23660,26401,383287966,2400,24001,0,24000,2400,8495232,10279,600,57777823,685,66273055,15,0.00738429999910295,0.954635200003395,214.880933,166.533701099914,215.843211799998,77,entropy_trigger
protocol-1.1,ablation,kroC100.tsp,100,EUC_2D,small,MSA-no-rank,hybrid_v4_2,14,20560915,c254bf082018ce29,20749,20749,0,23451,27601,389285758,3600,24001,0,24000,2400,9791448,11651,600,57893311,735,67684759,23,0.00722370000585215,1.36835870000505,214.5084861,166.908052099941,215.884358399999,77,entropy_trigger
protocol-1.1,ablation,kroC100.tsp,100,EUC_2D,small,MSA-no-rank,hybrid_v4_2,15,20560916,c254bf082018ce29,20749,20749,0,23660,26401,391953556,2400,24001,0,24000,2400,9290349,11116,600,58692010,753,67982359,15,0.00762070000200765,0.910213800001657,211.962440200004,165.743084699934,212.880772500001,77,entropy_trigger
protocol-1.1,ablation,kroC100.tsp,100,EUC_2D,small,MSA-no-scale-adaptation,hybrid_v4_2,1,20560902,23e6f34c76eaf7d1,20749,20749,0,23011,28351,361776644,4350,24001,0,24000,2400,6907207,7245,600,55218786,558,62125993,28,0.00734070000180509,1.72483599999396,207.057870000004,158.590684399926,208.790232700005,86,entropy_trigger
protocol-1.1,ablation,kroC100.tsp,100,EUC_2D,small,MSA-no-scale-adaptation,hybrid_v4_2,2,20560903,23e6f34c76eaf7d1,20749,20749,0,23660,26401,374034062,2400,24001,0,24000,2400,7040872,7451,600,57205079,633,64245951,15,0.00764980000531068,0.852877099998295,214.616763899998,164.78200999993,215.477494699997,87,entropy_trigger
protocol-1.1,ablation,kroC100.tsp,100,EUC_2D,small,MSA-no-scale-adaptation,hybrid_v4_2,3,20560904,23e6f34c76eaf7d1,20749,20749,0,23618,27751,393224638,3750,24001,0,24000,2400,7111344,7959,600,60334027,710,67445371,24,0.0140806999988854,1.55302220000158,214.903620099998,167.682354600009,216.470952299998,87,entropy_trigger
protocol-1.1,ablation,kroC100.tsp,100,EUC_2D,small,MSA-no-scale-adaptation,hybrid_v4_2,4,20560905,23e6f34c76eaf7d1,20749,20749,0,23011,28651,443150610,4650,24001,0,24000,2400,8969411,10824,600,67401311,914,76370722,30,0.00733329999638954,1.87750209999649,240.3116305,191.627977299926,242.197105399995,92,entropy_trigger
protocol-1.1,ablation,kroC100.tsp,100,EUC_2D,small,MSA-no-scale-adaptation,hybrid_v4_2,5,20560906,23e6f34c76eaf7d1,20749,20749,0,23660,26401,373320508,2400,24001,0,24000,2400,7218522,7944,600,56967720,648,64186242,15,0.00798560000112047,1.01682779999828,210.433158100001,161.988385899938,211.458513699996,82,entropy_trigger
protocol-1.1,ablation,kroC100.tsp,100,EUC_2D,small,MSA-no-scale-adaptation,hybrid_v4_2,6,20560907,23e6f34c76eaf7d1,20749,20749,0,23660,26401,391043850,2400,24001,0,24000,2400,7507910,8485,600,59728685,664,67236595,15,0.00716620000457624,1.01327709999896,215.749533400005,168.488960300027,216.7701743,90,entropy_trigger
protocol-1.1,ablation,kroC100.tsp,100,EUC_2D,small,MSA-no-scale-adaptation,hybrid_v4_2,7,20560908,23e6f34c76eaf7d1,20749,20749,0,23342,26551,348120604,2550,24001,0,24000,2400,6391872,6365,600,53316336,484,59708208,16,0.00755159999971511,1.06776530000207,194.823545200001,147.35671469997,195.899147300006,77,entropy_trigger
protocol-1.1,ablation,kroC100.tsp,100,EUC_2D,small,MSA-no-scale-adaptation,hybrid_v4_2,8,20560909,23e6f34c76eaf7d1,20749,20749,0,23660,26401,368746252,2400,24001,0,24000,2400,7084833,7554,600,56294470,575,63379303,15,0.00700320000032661,0.878879799995048,204.858331100004,157.67245540001,205.744443600001,83,entropy_trigger
protocol-1.1,ablation,kroC100.tsp,100,EUC_2D,small,MSA-no-scale-adaptation,hybrid_v4_2,9,20560910,23e6f34c76eaf7d1,20749,20749,0,23660,26401,380152080,2400,24001,0,24000,2400,6092735,5906,600,58856840,503,64949575,15,0.00729389999469277,0.926445500001137,210.153264600005,162.505632100008,211.087220299996,80,entropy_trigger
protocol-1.1,ablation,kroC100.tsp,100,EUC_2D,small,MSA-no-scale-adaptation,hybrid_v4_2,10,20560911,23e6f34c76eaf7d1,20749,20749,0,23006,29101,374603166,5100,24001,0,24000,2400,7113053,7683,600,57206809,612,64319862,33,0.013486700001522,2.24569509999856,216.4972614,167.419422900006,218.756721599995,77,entropy_trigger
protocol-1.1,ablation,kroC100.tsp,100,EUC_2D,small,MSA-no-scale-adaptation,hybrid_v4_2,11,20560912,23e6f34c76eaf7d1,20749,20749,0,23595,27901,377487422,3900,24001,0,24000,2400,7481065,8231,600,57462177,668,64943242,25,0.0082299999994575,1.60955819999799,213.094272500006,164.754922600063,214.712284600006,89,entropy_trigger
protocol-1.1,ablation,kroC100.tsp,100,EUC_2D,small,MSA-no-scale-adaptation,hybrid_v4_2,12,20560913,23e6f34c76eaf7d1,20749,20749,0,22915,30451,384483132,6450,24001,0,24000,2400,7562135,8634,600,58531582,618,66093717,42,0.00739260000409558,2.61248879999766,213.774827000001,165.796846400044,216.395268700006,86,entropy_trigger
protocol-1.1,ablation,kroC100.tsp,100,EUC_2D,small,MSA-no-scale-adaptation,hybrid_v4_2,13,20560914,23e6f34c76eaf7d1,20749,20749,0,23660,26401,375643598,2400,24001,0,24000,2400,7484290,8176,600,57177723,623,64662013,15,0.0108257999963826,0.932693499999004,207.757167300006,159.773611800141,208.701081500003,88,entropy_trigger
protocol-1.1,ablation,kroC100.tsp,100,EUC_2D,small,MSA-no-scale-adaptation,hybrid_v4_2,14,20560915,23e6f34c76eaf7d1,20749,20749,0,23451,27601,385493178,3600,24001,0,24000,2400,7792838,9204,600,58593621,654,66386459,23,0.00729069999943022,1.36356810000143,213.570420799995,165.981272499987,214.9414579,77,entropy_trigger
protocol-1.1,ablation,kroC100.tsp,100,EUC_2D,small,MSA-no-scale-adaptation,hybrid_v4_2,15,20560916,23e6f34c76eaf7d1,20749,20749,0,23660,26401,363175884,2400,24001,0,24000,2400,6092954,5988,600,56027328,599,62120282,15,0.00718449999840232,0.810530599999765,151.843453099995,117.763725200028,152.661622600004,91,entropy_trigger
protocol-1.1,ablation,kroC100.tsp,100,EUC_2D,small,MSA-nonadaptive-3opt,hybrid_v4_2,1,20560902,a7c41bfde6bdcb3b,20749,20749,0,23011,28351,359865812,4350,24001,0,24000,2400,6802630,7396,600,54970032,507,61772662,28,0.0073052999941865,2.01254799999879,198.175437699996,150.784923300045,200.195489500002,77,entropy_trigger
protocol-1.1,ablation,kroC100.tsp,100,EUC_2D,small,MSA-nonadaptive-3opt,hybrid_v4_2,2,20560903,a7c41bfde6bdcb3b,20749,20749,0,23660,26401,365711540,2400,24001,0,24000,2400,6652177,6864,600,56077122,613,62729299,15,0.00905880000209436,0.977848199996515,202.933750000004,154.451545400014,203.920858500001,80,entropy_trigger
protocol-1.1,ablation,kroC100.tsp,100,EUC_2D,small,MSA-nonadaptive-3opt,hybrid_v4_2,3,20560904,a7c41bfde6bdcb3b,20749,20749,0,23618,27751,404667542,3750,24001,0,24000,2400,8490880,10465,600,61321487,773,69812367,24,0.0122494000024744,1.83612489999359,225.713031699997,176.894746100101,227.561697899997,88,entropy_trigger
protocol-1.1,ablation,kroC100.tsp,100,EUC_2D,small,MSA-nonadaptive-3opt,hybrid_v4_2,4,20560905,a7c41bfde6bdcb3b,20749,20749,0,23011,28651,381067236,4650,24001,0,24000,2400,7358795,8117,600,58127826,590,65486621,30,0.0143685000002733,1.81025379999483,206.582362900001,159.15753169993,208.4073145,85,entropy_trigger
protocol-1.1,ablation,kroC100.tsp,100,EUC_2D,small,MSA-nonadaptive-3opt,hybrid_v4_2,5,20560906,a7c41bfde6bdcb3b,20749,20749,0,23660,26401,372688680,2400,24001,0,24000,2400,7228217,8075,600,56855952,634,64084169,15,0.0107610000050045,1.01862580000306,202.561212400004,155.542847399971,203.590913799999,86,entropy_trigger
protocol-1.1,ablation,kroC100.tsp,100,EUC_2D,small,MSA-nonadaptive-3opt,hybrid_v4_2,6,20560907,a7c41bfde6bdcb3b,20749,20749,0,23660,26401,408925440,2400,24001,0,24000,2400,8222021,9724,600,62232876,735,70454897,15,0.00839339999947697,0.995198499993421,216.317061400005,169.41305290001,217.3208619,80,entropy_trigger
protocol-1.1,ablation,kroC100.tsp,100,EUC_2D,small,MSA-nonadaptive-3opt,hybrid_v4_2,7,20560908,a7c41bfde6bdcb3b,20749,20749,0,23342,26551,466160122,2550,24001,0,24000,2400,9024057,11012,600,71234799,1011,80258856,16,0.00724110000010114,0.9788206000012,245.133242700002,197.322272199897,246.119478100001,80,entropy_trigger
protocol-1.1,ablation,kroC100.tsp,100,EUC_2D,small,MSA-nonadaptive-3opt,hybrid_v4_2,8,20560909,a7c41bfde6bdcb3b,20749,20749,0,23660,26401,370220500,2400,24001,0,24000,2400,7079577,7731,600,56543682,669,63623259,15,0.00724849999824073,0.952244600004633,206.139629400001,158.039850600035,207.099343499998,84,entropy_trigger
protocol-1.1,ablation,kroC100.tsp,100,EUC_2D,small,MSA-nonadaptive-3opt,hybrid_v4_2,9,20560910,a7c41bfde6bdcb3b,20749,20749,0,23660,26401,391817892,2400,24001,0,24000,2400,7645343,8669,600,59766070,711,67411413,15,0.0101990000039223,0.947501299997384,216.712965500003,168.547582299965,217.670954499998,77,entropy_trigger
protocol-1.1,ablation,kroC100.tsp,100,EUC_2D,small,MSA-nonadaptive-3opt,hybrid_v4_2,10,20560911,a7c41bfde6bdcb3b,20749,20749,0,23006,29101,383638048,5100,24001,0,24000,2400,7059372,7540,600,58748410,624,65807782,33,0.0130366999947,2.11047669999971,220.261333499999,170.059774999965,222.385065299997,77,entropy_trigger
protocol-1.1,ablation,kroC100.tsp,100,EUC_2D,small,MSA-nonadaptive-3opt,hybrid_v4_2,11,20560912,a7c41bfde6bdcb3b,20749,20749,0,23595,27901,410118156,3900,24001,0,24000,2400,8168894,9519,600,62442080,754,70610974,25,0.00726760000543436,1.70441019999998,218.3199924,171.381788400031,220.0318558,79,entropy_trigger
protocol-1.1,ablation,kroC100.tsp,100,EUC_2D,small,MSA-nonadaptive-3opt,hybrid_v4_2,12,20560913,a7c41bfde6bdcb3b,20749,20749,0,22915,30451,431878296,6450,24001,0,24000,2400,8812862,10829,600,65596958,857,74409820,42,0.00731839999934891,2.53788509999868,233.256795899993,185.276918799973,235.802244900005,82,entropy_trigger
protocol-1.1,ablation,kroC100.tsp,100,EUC_2D,small,MSA-nonadaptive-3opt,hybrid_v4_2,13,20560914,a7c41bfde6bdcb3b,20749,20749,0,23660,26401,376663048,2400,24001,0,24000,2400,7067793,7517,600,57625296,651,64693089,15,0.00733049999689683,1.01363069999934,204.827908800005,157.729783900031,205.849217299998,77,entropy_trigger
protocol-1.1,ablation,kroC100.tsp,100,EUC_2D,small,MSA-nonadaptive-3opt,hybrid_v4_2,14,20560915,a7c41bfde6bdcb3b,20749,20749,0,23451,27601,375835578,3600,24001,0,24000,2400,7030139,7965,600,57492487,646,64522626,23,0.00737659999867901,1.47664700000314,207.515098700002,159.623952299895,208.9994573,82,entropy_trigger
protocol-1.1,ablation,kroC100.tsp,100,EUC_2D,small,MSA-nonadaptive-3opt,hybrid_v4_2,15,20560916,a7c41bfde6bdcb3b,20749,20749,0,23660,26401,379201216,2400,24001,0,24000,2400,7083126,7802,600,58038102,670,65121228,15,0.00716310000279918,0.943249500000093,163.3304651,127.818610599992,164.281067700002,97,entropy_trigger
protocol-1.1,ablation,st70.tsp,70,EUC_2D,small,MSA-ACO,hybrid_v4_2,1,20460902,8fd7abf883be1469,675,675,0,756,15001,92140376,6600,8401,0,8400,900,3701326,7411,150,12714167,407,16415493,43,0.00599980000697542,1.99641500000143,54.9428913000011,42.708371299952,56.9455759999983,57,entropy_trigger
protocol-1.1,ablation,st70.tsp,70,EUC_2D,small,MSA-ACO,hybrid_v4_2,2,20460903,8fd7abf883be1469,675,675,0,736,15151,89059508,6750,8401,0,8400,900,3176332,6159,150,12548935,377,15725267,44,0.00396049999835668,2.11423279999872,53.5269574000049,41.147818400088,55.6453322000016,58,entropy_trigger
protocol-1.1,ablation,st70.tsp,70,EUC_2D,small,MSA-ACO,hybrid_v4_2,3,20460904,8fd7abf883be1469,675,675,0,788,14551,93382712,6150,8401,0,8400,900,3803938,7742,150,12858065,424,16662003,40,0.00737809999554884,2.00461110000469,54.3531827999977,41.8652474000628,56.3654289999977,53,entropy_trigger
protocol-1.1,ablation,st70.tsp,70,EUC_2D,small,MSA-ACO,hybrid_v4_2,4,20460905,8fd7abf883be1469,675,675,0,784,11551,77881496,3150,8401,0,8400,900,2545756,4416,150,11148317,291,13694073,20,0.00378250000358094,0.891891700004635,47.3798228000014,34.9896345999805,48.2756691000031,47,entropy_trigger
protocol-1.1,ablation,st70.tsp,70,EUC_2D,small,MSA-ACO,hybrid_v4_2,5,20460906,8fd7abf883be1469,677,675,0.296296296296296,736,14101,75392466,5700,8401,0,8400,900,2452769,4262,150,10765720,234,13218489,37,0.00415649999922607,1.71878999999899,46.1622812999994,33.8664881999648,47.8854359000034,52,entropy_trigger
protocol-1.1,ablation,st70.tsp,70,EUC_2D,small,MSA-ACO,hybrid_v4_2,6,20460907,8fd7abf883be1469,676,675,0.148148148148148,787,12301,84318108,3900,8401,0,8400,900,2867996,5306,150,11997509,362,14865505,25,0.00371789999917382,1.18431530000089,48.8034244000009,37.0509872999392,49.9916338999974,49,entropy_trigger
protocol-1.1,ablation,st70.tsp,70,EUC_2D,small,MSA-ACO,hybrid_v4_2,7,20460908,8fd7abf883be1469,675,675,0,740,17551,105918132,9150,8401,0,8400,900,4191551,8674,150,14653893,546,18845444,60,0.00620730000082403,2.92392929999914,59.1946861999968,47.4936666999856,62.1251136999999,57,entropy_trigger
protocol-1.1,ablation,st70.tsp,70,EUC_2D,small,MSA-ACO,hybrid_v4_2,8,20460909,8fd7abf883be1469,675,675,0,763,13651,95185094,5250,8401,0,8400,900,3493912,6874,150,13375646,485,16869558,34,0.00379909999901429,1.75853930000449,54.2225951999935,42.5357244000697,55.9851335999992,56,entropy_trigger
protocol-1.1,ablation,st70.tsp,70,EUC_2D,small,MSA-ACO,hybrid_v4_2,9,20460910,8fd7abf883be1469,675,675,0,747,14551,74318010,6150,8401,0,8400,900,2248439,3754,150,10717614,230,12966053,40,0.00360009999712929,1.90196640000067,45.1002106000014,32.8608896000151,47.0059646000009,47,entropy_trigger
protocol-1.1,ablation,st70.tsp,70,EUC_2D,small,MSA-ACO,hybrid_v4_2,10,20460911,8fd7abf883be1469,675,675,0,775,13051,80870630,4650,8401,0,8400,900,2417497,4479,150,11714512,320,14132009,30,0.00385819999792147,1.5179902000018,50.4267120000004,37.6258189999571,51.9487549000041,52,entropy_trigger
protocol-1.1,ablation,st70.tsp,70,EUC_2D,small,MSA-ACO,hybrid_v4_2,11,20460912,8fd7abf883be1469,677,675,0.296296296296296,796,10801,105018274,2400,8401,0,8400,900,3872991,7960,150,14795040,498,18668031,15,0.00424869999551447,0.794680200000585,61.1151797999992,48.6341205000572,61.9143278999982,47,entropy_trigger
protocol-1.1,ablation,st70.tsp,70,EUC_2D,small,MSA-ACO,hybrid_v4_2,12,20460913,8fd7abf883be1469,675,675,0,750,16801,85837270,8400,8401,0,8400,900,3593328,7107,150,11714648,320,15307976,55,0.00380750000476837,2.62271560000227,51.8650698999991,39.3880615999879,54.4918000999969,55,entropy_trigger
protocol-1.1,ablation,st70.tsp,70,EUC_2D,small,MSA-ACO,hybrid_v4_2,13,20460914,8fd7abf883be1469,675,675,0,765,17851,80876508,9450,8401,0,8400,900,2995040,5487,150,11274463,277,14269503,62,0.00408549999701791,2.77438729999994,46.9602249000018,35.2101502000078,49.7389006000012,56,entropy_trigger
protocol-1.1,ablation,st70.tsp,70,EUC_2D,small,MSA-ACO,hybrid_v4_2,14,20460915,8fd7abf883be1469,675,675,0,766,14251,81713862,5850,8401,0,8400,900,2522744,4370,150,11770886,334,14293630,38,0.00363610000204062,1.82555519999732,46.9713610000035,35.2572787999525,48.8007274000047,53,entropy_trigger
protocol-1.1,ablation,st70.tsp,70,EUC_2D,small,MSA-ACO,hybrid_v4_2,15,20460916,8fd7abf883be1469,675,675,0,796,10801,67841940,2400,8401,0,8400,900,2208269,3659,150,9708799,156,11917068,15,0.00404040000285022,0.671382599997742,41.8307237999979,29.9386520000116,42.5063252000036,48,entropy_trigger
protocol-1.1,ablation,st70.tsp,70,EUC_2D,small,MSA-fixed-switch,hybrid_v4_2,1,20460902,d760a429192ff2bb,676,675,0.148148148148148,756,15001,95869936,6600,8401,0,8400,900,3522300,6965,150,13455111,433,16977411,43,0.00381110000307672,2.21585649999906,56.7653914999973,44.5599495000206,58.9852553999954,60,fixed_control
protocol-1.1,ablation,st70.tsp,70,EUC_2D,small,MSA-fixed-switch,hybrid_v4_2,2,20460903,d760a429192ff2bb,675,675,0,736,15151,85984280,6750,8401,0,8400,900,2767903,5195,150,12308683,355,15076586,44,0.00370300000213319,2.13477250000142,51.9028032999995,39.7463458999919,54.0414647999933,60,fixed_control
protocol-1.1,ablation,st70.tsp,70,EUC_2D,small,MSA-fixed-switch,hybrid_v4_2,3,20460904,d760a429192ff2bb,676,675,0.148148148148148,788,14551,87804220,6150,8401,0,8400,900,3047265,5634,150,12432765,384,15480030,40,0.00407459999405546,1.99532439999894,51.0772166000024,39.4202854999457,53.0769115000003,60,fixed_control
protocol-1.1,ablation,st70.tsp,70,EUC_2D,small,MSA-fixed-switch,hybrid_v4_2,4,20460905,d760a429192ff2bb,675,675,0,784,11551,98790320,3150,8401,0,8400,900,3749683,7612,150,13830503,510,17580186,20,0.00439560000086203,0.967951200000243,57.9077164000046,45.5023154999726,58.8802438999992,60,fixed_control
protocol-1.1,ablation,st70.tsp,70,EUC_2D,small,MSA-fixed-switch,hybrid_v4_2,5,20460906,d760a429192ff2bb,680,675,0.740740740740741,736,14101,96297452,5700,8401,0,8400,900,3640987,7170,150,13457739,373,17098726,37,0.00738380000257166,1.82849830000487,55.1892408000058,43.3831915999617,57.0253855999981,60,fixed_control
protocol-1.1,ablation,st70.tsp,70,EUC_2D,small,MSA-fixed-switch,hybrid_v4_2,6,20460907,d760a429192ff2bb,676,675,0.148148148148148,787,12301,102205738,3900,8401,0,8400,900,3913281,7902,150,14281924,528,18195205,25,0.00429730000178097,1.23863889999484,56.9690606000004,45.2402843999735,58.2121779999943,60,fixed_control
protocol-1.1,ablation,st70.tsp,70,EUC_2D,small,MSA-fixed-switch,hybrid_v4_2,7,20460908,d760a429192ff2bb,677,675,0.296296296296296,740,17551,95753222,9150,8401,0,8400,900,3242047,6165,150,13592744,455,16834791,60,0.00583480000204872,3.03133379999781,54.7836438000013,42.4129891999401,57.8210940999998,60,fixed_control
protocol-1.1,ablation,st70.tsp,70,EUC_2D,small,MSA-fixed-switch,hybrid_v4_2,8,20460909,d760a429192ff2bb,676,675,0.148148148148148,763,13651,107118778,5250,8401,0,8400,900,4018428,8203,150,15014916,576,19033344,34,0.0071477999954368,1.6117344000013,58.1814642000027,46.5397302000056,59.8006137999982,60,fixed_control
protocol-1.1,ablation,st70.tsp,70,EUC_2D,small,MSA-fixed-switch,hybrid_v4_2,9,20460910,d760a429192ff2bb,681,675,0.888888888888889,747,14551,72408732,6150,8401,0,8400,900,2112749,3469,150,10489861,235,12602610,40,0.00748050000402145,2.03472760000295,44.0355786,31.8542291999984,46.0780631000016,60,fixed_control
protocol-1.1,ablation,st70.tsp,70,EUC_2D,small,MSA-fixed-switch,hybrid_v4_2,10,20460911,d760a429192ff2bb,675,675,0,775,13051,97471880,4650,8401,0,8400,900,3605968,7292,150,13689073,444,17295041,30,0.00664210000104504,1.50984370000515,57.2376136000021,45.1898306999865,58.7543237999998,60,fixed_control
protocol-1.1,ablation,st70.tsp,70,EUC_2D,small,MSA-fixed-switch,hybrid_v4_2,11,20460912,d760a429192ff2bb,676,675,0.148148148148148,796,10801,86573192,2400,8401,0,8400,900,2817700,5277,150,12424387,344,15242087,15,0.00595430000248598,0.75523489999614,54.3508490000022,41.5301874999714,55.1123466999998,60,fixed_control
protocol-1.1,ablation,st70.tsp,70,EUC_2D,small,MSA-fixed-switch,hybrid_v4_2,12,20460913,d760a429192ff2bb,675,675,0,750,16801,86019676,8400,8401,0,8400,900,3359976,6569,150,11900617,324,15260593,55,0.00524899999436457,2.57211590000225,52.6552152000004,40.5063101999986,55.2328579000023,60,fixed_control
protocol-1.1,ablation,st70.tsp,70,EUC_2D,small,MSA-fixed-switch,hybrid_v4_2,13,20460914,d760a429192ff2bb,675,675,0,765,17851,85122962,9450,8401,0,8400,900,3461131,6613,150,11671478,294,15132609,62,0.00371409999934258,2.91918590000569,48.482815299998,36.7596641000346,51.4059084000037,60,fixed_control
protocol-1.1,ablation,st70.tsp,70,EUC_2D,small,MSA-fixed-switch,hybrid_v4_2,14,20460915,d760a429192ff2bb,675,675,0,766,14251,89858330,5850,8401,0,8400,900,3017107,5648,150,12798722,384,15815829,38,0.00472940000327071,1.67952240000159,51.3423149000009,39.6301447000005,53.0268243000028,60,fixed_control
protocol-1.1,ablation,st70.tsp,70,EUC_2D,small,MSA-fixed-switch,hybrid_v4_2,15,20460916,d760a429192ff2bb,676,675,0.148148148148148,796,10801,67820958,2400,8401,0,8400,900,2154683,3550,150,9741026,167,11895709,15,0.00751850000233389,0.713321499999438,41.8752559999994,29.7822474999775,42.5963741999949,60,fixed_control
protocol-1.1,ablation,st70.tsp,70,EUC_2D,small,MSA-no-2opt,hybrid_v4_2,1,20460902,e6cb877b166801a7,675,675,0,756,15001,98731618,6600,8401,0,8400,0,0,0,150,16280258,1680,16280258,43,0.0043084999997518,2.28708239999833,55.572709,43.3503147999509,57.8643057000008,56,entropy_trigger
protocol-1.1,ablation,st70.tsp,70,EUC_2D,small,MSA-no-2opt,hybrid_v4_2,2,20460903,e6cb877b166801a7,676,675,0.148148148148148,736,15151,93646690,6750,8401,0,8400,0,0,0,150,15431020,1465,15431020,44,0.0055618999977014,2.2328583999988,53.4671832000022,41.2824321000371,55.7057955000055,62,entropy_trigger
protocol-1.1,ablation,st70.tsp,70,EUC_2D,small,MSA-no-2opt,hybrid_v4_2,3,20460904,e6cb877b166801a7,676,675,0.148148148148148,788,14551,95554768,6150,8401,0,8400,0,0,0,150,15756033,1479,15756033,40,0.003719699998328,1.92996339999809,54.4993833999979,42.3730977999876,56.4332461000013,53,entropy_trigger
protocol-1.1,ablation,st70.tsp,70,EUC_2D,small,MSA-no-2opt,hybrid_v4_2,4,20460905,e6cb877b166801a7,675,675,0,784,11551,91932682,3150,8401,0,8400,0,0,0,150,15187352,1382,15187352,20,0.00736540000070818,0.973860799997055,52.3796428999995,40.092750099946,53.3611614999973,57,entropy_trigger
protocol-1.1,ablation,st70.tsp,70,EUC_2D,small,MSA-no-2opt,hybrid_v4_2,5,20460906,e6cb877b166801a7,675,675,0,736,14101,102339238,5700,8401,0,8400,0,0,0,150,16892028,1544,16892028,37,0.00747379999666009,1.84362700000202,54.8556945999953,42.9063979999337,56.7071205000029,57,entropy_trigger
protocol-1.1,ablation,st70.tsp,70,EUC_2D,small,MSA-no-2opt,hybrid_v4_2,6,20460907,e6cb877b166801a7,675,675,0,787,12301,102531550,3900,8401,0,8400,0,0,0,150,16945080,1750,16945080,25,0.00709050000295974,1.14175189999514,56.4550039000023,44.3173223000267,57.6041243,56,entropy_trigger
protocol-1.1,ablation,st70.tsp,70,EUC_2D,small,MSA-no-2opt,hybrid_v4_2,7,20460908,e6cb877b166801a7,675,675,0,740,17551,91800442,9150,8401,0,8400,0,0,0,150,15095312,1372,15095312,60,0.00372570000035921,2.80858950000402,51.7821062000003,39.4734995000399,54.5945998000025,59,entropy_trigger
protocol-1.1,ablation,st70.tsp,70,EUC_2D,small,MSA-no-2opt,hybrid_v4_2,8,20460909,e6cb877b166801a7,675,675,0,763,13651,109669138,5250,8401,0,8400,0,0,0,150,18118928,1800,18118928,34,0.00372719999722904,1.70407349999732,58.8748248999982,46.7031709999792,60.5828228999962,50,entropy_trigger
protocol-1.1,ablation,st70.tsp,70,EUC_2D,small,MSA-no-2opt,hybrid_v4_2,9,20460910,e6cb877b166801a7,675,675,0,747,14551,90583480,6150,8401,0,8400,0,0,0,150,14927485,1396,14927485,40,0.00357720000465633,2.02062370000203,52.7289386000048,40.1731370000052,54.7533521000005,57,entropy_trigger
protocol-1.1,ablation,st70.tsp,70,EUC_2D,small,MSA-no-2opt,hybrid_v4_2,10,20460911,e6cb877b166801a7,676,675,0.148148148148148,775,13051,108382450,4650,8401,0,8400,0,0,0,150,17911480,1567,17911480,30,0.00382019999960903,1.39424349999899,61.8863736999992,49.1093860999536,63.2846436999971,51,entropy_trigger
protocol-1.1,ablation,st70.tsp,70,EUC_2D,small,MSA-no-2opt,hybrid_v4_2,11,20460912,e6cb877b166801a7,675,675,0,796,10801,117705262,2400,8401,0,8400,0,0,0,150,19491532,1917,19491532,15,0.00665010000375332,0.854528500000015,65.0808625000063,52.5351206000341,65.9423606000055,51,entropy_trigger
protocol-1.1,ablation,st70.tsp,70,EUC_2D,small,MSA-no-2opt,hybrid_v4_2,12,20460913,e6cb877b166801a7,676,675,0.148148148148148,750,16801,95607124,8400,8401,0,8400,0,0,0,150,15738509,1491,15738509,55,0.00749260000156937,2.53087919999962,53.9594279000012,41.7209278999726,56.4980885000041,60,entropy_trigger
protocol-1.1,ablation,st70.tsp,70,EUC_2D,small,MSA-no-2opt,hybrid_v4_2,13,20460914,e6cb877b166801a7,675,675,0,765,17851,94958260,9450,8401,0,8400,0,0,0,150,15618115,1273,15618115,62,0.00378530000307364,2.85178219999943,52.5458853000018,40.5593578000407,55.4016514999967,48,entropy_trigger
protocol-1.1,ablation,st70.tsp,70,EUC_2D,small,MSA-no-2opt,hybrid_v4_2,14,20460915,e6cb877b166801a7,676,675,0.148148148148148,766,14251,90193030,5850,8401,0,8400,0,0,0,150,14865910,1284,14865910,38,0.00405940000200644,1.7506846000033,49.1229180999944,37.5445863000059,50.8778482999987,51,entropy_trigger
protocol-1.1,ablation,st70.tsp,70,EUC_2D,small,MSA-no-2opt,hybrid_v4_2,15,20460916,e6cb877b166801a7,675,675,0,796,10801,118685242,2400,8401,0,8400,0,0,0,150,19654862,1968,19654862,15,0.00381710000510793,0.707753300004697,61.3169612999991,49.7142567999908,62.028710999999,51,entropy_trigger
protocol-1.1,ablation,st70.tsp,70,EUC_2D,small,MSA-no-3opt,hybrid_v4_2,1,20460902,508d42c14f92186e,677,675,0.296296296296296,756,15001,11275662,6600,8401,0,8400,900,2556398,4482,0,0,0,2556398,43,0.00417719999677502,2.20149230000243,18.6239923999965,6.20890259999578,20.8298482999962,51,entropy_trigger
protocol-1.1,ablation,st70.tsp,70,EUC_2D,small,MSA-no-3opt,hybrid_v4_2,2,20460903,508d42c14f92186e,678,675,0.444444444444444,736,15151,11819778,6750,8401,0,8400,900,2689802,4918,0,0,0,2689802,44,0.00739070000417996,2.18837249999342,18.5057710000037,6.14206329995795,20.7018024000063,54,entropy_trigger
protocol-1.1,ablation,st70.tsp,70,EUC_2D,small,MSA-no-3opt,hybrid_v4_2,3,20460904,508d42c14f92186e,676,675,0.148148148148148,788,14551,12317686,6150,8401,0,8400,900,2824779,5203,0,0,0,2824779,40,0.00501310000254307,1.85905410000123,18.5769574000005,6.34478579996357,20.4413015000027,54,entropy_trigger
protocol-1.1,ablation,st70.tsp,70,EUC_2D,small,MSA-no-3opt,hybrid_v4_2,4,20460905,508d42c14f92186e,677,675,0.296296296296296,784,11551,12306530,3150,8401,0,8400,900,2874490,5306,0,0,0,2874490,20,0.0037850000007893,0.934619700004987,18.7328705999971,6.47936839998147,19.6714599000043,58,entropy_trigger
protocol-1.1,ablation,st70.tsp,70,EUC_2D,small,MSA-no-3opt,hybrid_v4_2,5,20460906,508d42c14f92186e,675,675,0,736,14101,13969682,5700,8401,0,8400,900,3245653,6298,0,0,0,3245653,37,0.00374119999469258,1.68064210000011,18.7029829000021,7.1737603999718,20.3875413999995,58,entropy_trigger
protocol-1.1,ablation,st70.tsp,70,EUC_2D,small,MSA-no-3opt,hybrid_v4_2,6,20460907,508d42c14f92186e,675,675,0,787,12301,14337434,3900,8401,0,8400,900,3369091,6656,0,0,0,3369091,25,0.00370660000044154,1.10723470000084,18.5386313999988,6.9787320999676,19.6497455999997,55,entropy_trigger
protocol-1.1,ablation,st70.tsp,70,EUC_2D,small,MSA-no-3opt,hybrid_v4_2,7,20460908,508d42c14f92186e,677,675,0.296296296296296,740,17551,10519574,9150,8401,0,8400,900,2322751,4018,0,0,0,2322751,60,0.00374220000230707,2.64537440000277,16.8680355999968,5.05632980004157,19.5173282000032,49,entropy_trigger
protocol-1.1,ablation,st70.tsp,70,EUC_2D,small,MSA-no-3opt,hybrid_v4_2,8,20460909,508d42c14f92186e,676,675,0.148148148148148,763,13651,10219418,5250,8401,0,8400,900,2315962,4163,0,0,0,2315962,34,0.00669570000172826,1.57875120000244,15.9617743000053,4.70952740002394,17.5475196000043,55,entropy_trigger
protocol-1.1,ablation,st70.tsp,70,EUC_2D,small,MSA-no-3opt,hybrid_v4_2,9,20460910,508d42c14f92186e,676,675,0.148148148148148,747,14551,11300250,6150,8401,0,8400,900,2570420,4605,0,0,0,2570420,40,0.00372490000154357,1.88975980000396,18.1376515000011,5.887806299972,20.0313184000042,54,entropy_trigger
protocol-1.1,ablation,st70.tsp,70,EUC_2D,small,MSA-no-3opt,hybrid_v4_2,10,20460911,508d42c14f92186e,677,675,0.296296296296296,775,13051,14140782,4650,8401,0,8400,900,3306803,6238,0,0,0,3306803,30,0.00400559999980032,1.41090419999819,19.9756285999974,7.50023770007101,21.3908356000029,52,entropy_trigger
protocol-1.1,ablation,st70.tsp,70,EUC_2D,small,MSA-no-3opt,hybrid_v4_2,11,20460912,508d42c14f92186e,675,675,0,796,10801,9825490,2400,8401,0,8400,900,2267355,3886,0,0,0,2267355,15,0.00377309999748832,0.68920369999978,18.2434533000051,5.43643070005783,18.9366295,47,entropy_trigger
protocol-1.1,ablation,st70.tsp,70,EUC_2D,small,MSA-no-3opt,hybrid_v4_2,12,20460913,508d42c14f92186e,676,675,0.148148148148148,750,16801,10796422,8400,8401,0,8400,900,2405088,4310,0,0,0,2405088,55,0.00372849999985192,2.95983169999818,18.8092939999988,6.08373899996514,21.773053799996,54,entropy_trigger
protocol-1.1,ablation,st70.tsp,70,EUC_2D,small,MSA-no-3opt,hybrid_v4_2,13,20460914,508d42c14f92186e,676,675,0.148148148148148,765,17851,10001582,9450,8401,0,8400,900,2188003,3822,0,0,0,2188003,62,0.00383319999673404,2.9594253000032,16.1937585999985,4.70212660003745,19.1572116000025,57,entropy_trigger
protocol-1.1,ablation,st70.tsp,70,EUC_2D,small,MSA-no-3opt,hybrid_v4_2,14,20460915,508d42c14f92186e,675,675,0,766,14251,11892498,5850,8401,0,8400,900,2723732,4837,0,0,0,2723732,38,0.00633020000532269,1.75061289999576,17.0084885000033,5.65113920005388,18.7657072999937,53,entropy_trigger
protocol-1.1,ablation,st70.tsp,70,EUC_2D,small,MSA-no-3opt,hybrid_v4_2,15,20460916,508d42c14f92186e,677,675,0.296296296296296,796,10801,13046158,2400,8401,0,8400,900,3072522,5880,0,0,0,3072522,15,0.00386070000240579,0.674846399997477,17.9465287000057,6.34705500002019,18.6254153000045,57,entropy_trigger
protocol-1.1,ablation,st70.tsp,70,EUC_2D,small,MSA-no-GA-init,hybrid_v4_2,1,20460902,209b244a55c84f3f,675,675,0,,8401,94536114,0,8401,0,8400,900,3479474,6939,150,13338358,425,16817832,0,0.00385149999783607,0.000028599999495782,56.2632769000047,44.1464714000322,56.2673443000022,51,entropy_trigger
protocol-1.1,ablation,st70.tsp,70,EUC_2D,small,MSA-no-GA-init,hybrid_v4_2,2,20460903,209b244a55c84f3f,675,675,0,,8401,92759260,0,8401,0,8400,900,3563001,7160,150,12986531,421,16549532,0,0.00451089999842225,0.0000313999989884906,54.2090966999967,42.1655424000273,54.213860200005,57,entropy_trigger
protocol-1.1,ablation,st70.tsp,70,EUC_2D,small,MSA-no-GA-init,hybrid_v4_2,3,20460904,209b244a55c84f3f,675,675,0,,8401,87412912,0,8401,0,8400,900,2899524,5485,150,12537791,356,15437315,0,0.00372120000247378,0.0000204000025405549,52.3932816000015,40.0641648000237,52.3971996999971,51,entropy_trigger
protocol-1.1,ablation,st70.tsp,70,EUC_2D,small,MSA-no-GA-init,hybrid_v4_2,4,20460905,209b244a55c84f3f,676,675,0.148148148148148,,8401,77816564,0,8401,0,8400,900,2410831,4268,150,11264195,300,13675026,0,0.00451849999808474,0.000029399998311419,48.1470050999997,35.8622515999959,48.1518109000026,50,entropy_trigger
protocol-1.1,ablation,st70.tsp,70,EUC_2D,small,MSA-no-GA-init,hybrid_v4_2,5,20460906,209b244a55c84f3f,677,675,0.296296296296296,,8401,85750452,0,8401,0,8400,900,2892497,5406,150,12265399,359,15157896,0,0.00722479999967618,0.0000418999989051372,51.3425588000027,39.2035153999896,51.3501020999975,62,entropy_trigger
protocol-1.1,ablation,st70.tsp,70,EUC_2D,small,MSA-no-GA-init,hybrid_v4_2,6,20460907,209b244a55c84f3f,675,675,0,,8401,99046858,0,8401,0,8400,900,3680382,7135,150,13956210,448,17636592,0,0.00383590000274125,0.0000180999995791353,56.056837600001,44.063072900004,56.0608733999979,48,entropy_trigger
protocol-1.1,ablation,st70.tsp,70,EUC_2D,small,MSA-no-GA-init,hybrid_v4_2,7,20460908,209b244a55c84f3f,675,675,0,,8401,73274186,0,8401,0,8400,900,2070835,3485,150,10733796,227,12804631,0,0.00710160000016913,0.0000332999989041127,44.9071356999993,32.5469275999858,44.9146241000053,54,entropy_trigger
protocol-1.1,ablation,st70.tsp,70,EUC_2D,small,MSA-no-GA-init,hybrid_v4_2,8,20460909,209b244a55c84f3f,675,675,0,,8401,84844074,0,8401,0,8400,900,2530493,4442,150,12355672,344,14886165,0,0.00379619999876013,0.0000271000026259571,49.3833908000015,37.5606520000001,49.3874081000031,48,entropy_trigger
protocol-1.1,ablation,st70.tsp,70,EUC_2D,small,MSA-no-GA-init,hybrid_v4_2,9,20460910,209b244a55c84f3f,676,675,0.148148148148148,,8401,78981408,0,8401,0,8400,900,2470283,4143,150,11418701,275,13888984,0,0.00420750000193948,0.0000230000005103648,46.6457012999963,34.8861801999883,46.6501546,47,entropy_trigger
protocol-1.1,ablation,st70.tsp,70,EUC_2D,small,MSA-no-GA-init,hybrid_v4_2,10,20460911,209b244a55c84f3f,675,675,0,,8401,76515248,0,8401,0,8400,900,2749747,4909,150,10821365,247,13571112,0,0.0038048999995226,0.0000207000048249029,48.1579668999984,35.8069633999767,48.1619842,47,entropy_trigger
protocol-1.1,ablation,st70.tsp,70,EUC_2D,small,MSA-no-GA-init,hybrid_v4_2,11,20460912,209b244a55c84f3f,675,675,0,,8401,82790982,0,8401,0,8400,900,3216983,6232,150,11555830,308,14772813,0,0.00502400000550551,0.0000274999983957969,52.2786839999972,39.5259392000225,52.2839802999952,47,entropy_trigger
protocol-1.1,ablation,st70.tsp,70,EUC_2D,small,MSA-no-GA-init,hybrid_v4_2,12,20460913,209b244a55c84f3f,675,675,0,,8401,84011338,0,8401,0,8400,900,3053178,5986,150,11868426,334,14921604,0,0.00369700000010198,0.000021699997887481,50.6797792999932,38.2504724000173,50.683677699999,52,entropy_trigger
protocol-1.1,ablation,st70.tsp,70,EUC_2D,small,MSA-no-GA-init,hybrid_v4_2,13,20460914,209b244a55c84f3f,677,675,0.296296296296296,,8401,75040628,0,8401,0,8400,900,2720635,5015,150,10595003,249,13315638,0,0.00391159999708179,0.0000249999939114787,44.2678257000007,32.3880205001042,44.2719626000035,47,entropy_trigger
protocol-1.1,ablation,st70.tsp,70,EUC_2D,small,MSA-no-GA-init,hybrid_v4_2,14,20460915,209b244a55c84f3f,675,675,0,,8401,97928734,0,8401,0,8400,900,3663501,7420,150,13781110,485,17444611,0,0.0071100999994087,0.000025500004994683,55.3591203999968,43.4961673000435,55.3665051000062,49,entropy_trigger
protocol-1.1,ablation,st70.tsp,70,EUC_2D,small,MSA-no-GA-init,hybrid_v4_2,15,20460916,209b244a55c84f3f,677,675,0.296296296296296,,8401,85835254,0,8401,0,8400,900,2715711,4969,150,12397390,382,15113101,0,0.00365079999755835,0.0000198999987333082,49.8511378000039,38.0714056000579,49.8549770000027,53,entropy_trigger
protocol-1.1,ablation,st70.tsp,70,EUC_2D,small,MSA-no-rank,hybrid_v4_2,1,20460902,c2d5982340a1ff16,676,675,0.148148148148148,756,15001,79973244,6600,8401,0,8400,900,2357159,4170,150,11582423,274,13939582,43,0.00362200000381563,2.15132389999781,48.5417519999974,36.2309052000055,50.6968762999968,56,entropy_trigger
protocol-1.1,ablation,st70.tsp,70,EUC_2D,small,MSA-no-rank,hybrid_v4_2,2,20460903,c2d5982340a1ff16,676,675,0.148148148148148,736,15151,79718124,6750,8401,0,8400,900,1956641,3080,150,11805165,310,13761806,44,0.00604279999970458,2.21747250000044,48.108243900002,35.78029409999,50.3320365000036,47,entropy_trigger
protocol-1.1,ablation,st70.tsp,70,EUC_2D,small,MSA-no-rank,hybrid_v4_2,3,20460904,c2d5982340a1ff16,675,675,0,788,14551,91938710,6150,8401,0,8400,900,2867038,5264,150,13241998,425,16109036,40,0.00373799999943003,1.87264719999803,53.8639782000027,41.8175940999718,55.7405416999973,48,entropy_trigger
protocol-1.1,ablation,st70.tsp,70,EUC_2D,small,MSA-no-rank,hybrid_v4_2,4,20460905,c2d5982340a1ff16,676,675,0.148148148148148,784,11551,87966540,3150,8401,0,8400,900,3044465,5832,150,12496685,383,15541150,20,0.00365919999603648,0.951288700001896,51.4714736999958,39.3784938000827,52.4266061000017,49,entropy_trigger
protocol-1.1,ablation,st70.tsp,70,EUC_2D,small,MSA-no-rank,hybrid_v4_2,5,20460906,c2d5982340a1ff16,678,675,0.444444444444444,736,14101,68489100,5700,8401,0,8400,900,2346110,4020,150,9686265,187,12032375,37,0.00368439999874681,1.76374219999707,43.0749940000023,30.7499850999739,44.8426086999971,52,entropy_trigger
protocol-1.1,ablation,st70.tsp,70,EUC_2D,small,MSA-no-rank,hybrid_v4_2,6,20460907,c2d5982340a1ff16,676,675,0.148148148148148,787,12301,73570404,3900,8401,0,8400,900,2334857,4120,150,10561651,278,12896508,25,0.00375640000129351,1.18108850000135,44.2412511000002,32.3761872000323,45.4262873000043,47,entropy_trigger
protocol-1.1,ablation,st70.tsp,70,EUC_2D,small,MSA-no-rank,hybrid_v4_2,7,20460908,c2d5982340a1ff16,676,675,0.148148148148148,740,17551,105384472,9150,8401,0,8400,900,2799738,5176,150,15492825,497,18292563,60,0.00383689999580383,2.84532450000552,59.9923686999973,47.7312866999855,62.8417144999985,57,entropy_trigger
protocol-1.1,ablation,st70.tsp,70,EUC_2D,small,MSA-no-rank,hybrid_v4_2,8,20460909,c2d5982340a1ff16,675,675,0,763,13651,94094032,5250,8401,0,8400,900,2646366,4744,150,13758833,387,16405199,34,0.00380580000637565,1.6972842000032,52.5603808999949,40.8716628000329,54.261659799995,59,entropy_trigger
protocol-1.1,ablation,st70.tsp,70,EUC_2D,small,MSA-no-rank,hybrid_v4_2,9,20460910,c2d5982340a1ff16,677,675,0.296296296296296,747,14551,83873946,6150,8401,0,8400,900,2425859,4227,150,12191990,230,14617849,40,0.00371070000255713,1.95273319999978,50.6248218000037,38.0465529999274,52.581451900005,48,entropy_trigger
protocol-1.1,ablation,st70.tsp,70,EUC_2D,small,MSA-no-rank,hybrid_v4_2,10,20460911,c2d5982340a1ff16,676,675,0.148148148148148,775,13051,71724414,4650,8401,0,8400,900,2112563,3378,150,10393432,208,12505995,30,0.00766589999693679,1.52233919999708,45.8537378999972,33.3671767000051,47.3840711000012,52,entropy_trigger
protocol-1.1,ablation,st70.tsp,70,EUC_2D,small,MSA-no-rank,hybrid_v4_2,11,20460912,c2d5982340a1ff16,684,675,1.33333333333333,796,10801,77902652,2400,8401,0,8400,900,2050471,3326,150,11490783,278,13541254,15,0.00401500000589294,0.681988999996975,48.9621976999988,36.2085822000372,49.6484042999946,48,entropy_trigger
protocol-1.1,ablation,st70.tsp,70,EUC_2D,small,MSA-no-rank,hybrid_v4_2,12,20460913,c2d5982340a1ff16,677,675,0.296296296296296,750,16801,87618314,8400,8401,0,8400,900,2503219,4295,150,12738228,355,15241447,55,0.00389169999834849,2.49976120000065,52.2592063999982,39.8515638999452,54.7630647999977,51,entropy_trigger
protocol-1.1,ablation,st70.tsp,70,EUC_2D,small,MSA-no-rank,hybrid_v4_2,13,20460914,c2d5982340a1ff16,682,675,1.03703703703704,765,17851,113529482,9450,8401,0,8400,900,2473630,4578,150,17064232,547,19537862,62,0.00383560000045691,2.91348309999739,61.3418574000025,49.5302987000177,64.2593744999976,47,entropy_trigger
protocol-1.1,ablation,st70.tsp,70,EUC_2D,small,MSA-no-rank,hybrid_v4_2,14,20460915,c2d5982340a1ff16,676,675,0.148148148148148,766,14251,73150552,5850,8401,0,8400,900,2613102,4639,150,10283429,276,12896531,38,0.00377540000044974,1.83042320000095,44.2154425999979,32.4051766999837,46.0498219000001,53,entropy_trigger
protocol-1.1,ablation,st70.tsp,70,EUC_2D,small,MSA-no-rank,hybrid_v4_2,15,20460916,c2d5982340a1ff16,676,675,0.148148148148148,796,10801,75110234,2400,8401,0,8400,900,3152785,6185,150,10290504,254,13443289,15,0.00432679999357788,0.755559800003539,44.786840599998,33.058377000074,45.5469030000022,57,entropy_trigger
protocol-1.1,ablation,st70.tsp,70,EUC_2D,small,MSA-no-scale-adaptation,hybrid_v4_2,1,20460902,62510519189f2744,676,675,0.148148148148148,756,15001,79752958,6600,8401,0,8400,900,2523855,4506,150,11434578,286,13958433,43,0.00489530000049854,2.32217769999988,49.2780762999973,37.1499039999908,51.6053663999992,54,entropy_trigger
protocol-1.1,ablation,st70.tsp,70,EUC_2D,small,MSA-no-scale-adaptation,hybrid_v4_2,2,20460903,62510519189f2744,675,675,0,736,15151,94631994,6750,8401,0,8400,900,3812231,7717,150,13053750,428,16865981,44,0.00687589999870397,2.00471370000014,55.5393664000003,43.2321657999564,57.5512550999993,47,entropy_trigger
protocol-1.1,ablation,st70.tsp,70,EUC_2D,small,MSA-no-scale-adaptation,hybrid_v4_2,3,20460904,62510519189f2744,675,675,0,788,14551,77832226,6150,8401,0,8400,900,2668794,4749,150,11023080,267,13691874,40,0.00396230000478681,1.77719480000087,47.8743685000009,35.4428655999654,49.6557019999964,52,entropy_trigger
protocol-1.1,ablation,st70.tsp,70,EUC_2D,small,MSA-no-scale-adaptation,hybrid_v4_2,4,20460905,62510519189f2744,675,675,0,784,11551,84368636,3150,8401,0,8400,900,2983996,5569,150,11937347,369,14921343,20,0.00428800000372576,0.948939800000517,50.7861474000019,38.7938703999389,51.7396627999988,49,entropy_trigger
protocol-1.1,ablation,st70.tsp,70,EUC_2D,small,MSA-no-scale-adaptation,hybrid_v4_2,5,20460906,62510519189f2744,675,675,0,736,14101,95209782,5700,8401,0,8400,900,3529382,7245,150,13350864,388,16880246,37,0.00387249999766937,1.7169256000052,53.8981358999954,42.1103454000186,55.6191055000018,60,entropy_trigger
protocol-1.1,ablation,st70.tsp,70,EUC_2D,small,MSA-no-scale-adaptation,hybrid_v4_2,6,20460907,62510519189f2744,675,675,0,787,12301,78341118,3900,8401,0,8400,900,2628302,4699,150,11161140,269,13789442,25,0.00431260000186739,1.10249930000282,46.6353785999963,34.7868125000314,47.7423857000031,47,entropy_trigger
protocol-1.1,ablation,st70.tsp,70,EUC_2D,small,MSA-no-scale-adaptation,hybrid_v4_2,7,20460908,62510519189f2744,675,675,0,740,17551,94347114,9150,8401,0,8400,900,3738938,7794,150,13027132,415,16766070,60,0.00704740000219317,3.00236710000172,54.0299608999994,42.2069493000236,57.0396772999957,51,entropy_trigger
protocol-1.1,ablation,st70.tsp,70,EUC_2D,small,MSA-no-scale-adaptation,hybrid_v4_2,8,20460909,62510519189f2744,676,675,0.148148148148148,763,13651,113363030,5250,8401,0,8400,900,4421806,9102,150,15786706,639,20208512,34,0.00369640000280924,1.56310089999897,62.4908189000053,50.2696479000588,64.0577981999959,53,entropy_trigger
protocol-1.1,ablation,st70.tsp,70,EUC_2D,small,MSA-no-scale-adaptation,hybrid_v4_2,9,20460910,62510519189f2744,675,675,0,747,14551,79653602,6150,8401,0,8400,900,3100750,5921,150,11038672,236,14139422,40,0.00405039999895962,2.00504879999789,49.3646662000028,36.8335817999978,51.3739731000023,47,entropy_trigger
protocol-1.1,ablation,st70.tsp,70,EUC_2D,small,MSA-no-scale-adaptation,hybrid_v4_2,10,20460911,62510519189f2744,675,675,0,775,13051,66230984,4650,8401,0,8400,900,1867291,2885,150,9641375,151,11508666,30,0.00379239999892889,1.47620180000376,44.055763999997,31.217939799928,45.535993700003,47,entropy_trigger
protocol-1.1,ablation,st70.tsp,70,EUC_2D,small,MSA-no-scale-adaptation,hybrid_v4_2,11,20460912,62510519189f2744,680,675,0.740740740740741,796,10801,90523044,2400,8401,0,8400,900,3222254,6388,150,12812993,352,16035247,15,0.00504899999941699,0.675912100006826,54.1459908000033,41.9531918000139,54.8272300000026,47,entropy_trigger
protocol-1.1,ablation,st70.tsp,70,EUC_2D,small,MSA-no-scale-adaptation,hybrid_v4_2,12,20460913,62510519189f2744,675,675,0,750,16801,84907434,8400,8401,0,8400,900,2740529,5312,150,12128208,355,14868737,55,0.0038090000016382,2.48582780000288,49.0558860999954,37.2794617999971,51.5457176999989,63,entropy_trigger
protocol-1.1,ablation,st70.tsp,70,EUC_2D,small,MSA-no-scale-adaptation,hybrid_v4_2,13,20460914,62510519189f2744,676,675,0.148148148148148,765,17851,96366488,9450,8401,0,8400,900,3811462,7751,150,13311845,384,17123307,62,0.00375889999850187,2.86154830000305,53.6844349000021,41.7551313000149,56.5499114999984,47,entropy_trigger
protocol-1.1,ablation,st70.tsp,70,EUC_2D,small,MSA-no-scale-adaptation,hybrid_v4_2,14,20460915,62510519189f2744,675,675,0,766,14251,73398316,5850,8401,0,8400,900,2278605,3930,150,10547721,257,12826326,38,0.00385880000249017,1.70793579999736,44.5902529000014,32.7369485999952,46.3022265000036,51,entropy_trigger
protocol-1.1,ablation,st70.tsp,70,EUC_2D,small,MSA-no-scale-adaptation,hybrid_v4_2,15,20460916,62510519189f2744,677,675,0.296296296296296,796,10801,73228444,2400,8401,0,8400,900,2179200,3709,150,10625929,248,12805129,15,0.00430269999924349,0.70702230000461,43.784060799997,32.0845073999808,44.4955551000021,53,entropy_trigger
protocol-1.1,ablation,st70.tsp,70,EUC_2D,small,MSA-nonadaptive-3opt,hybrid_v4_2,1,20460902,fdcd042d593ef3bc,676,675,0.148148148148148,756,15001,92140376,6600,8401,0,8400,900,3701326,7411,150,12714167,407,16415493,43,0.00665609999850858,2.34765860000334,53.972737600001,41.6750814999832,56.3273315000042,57,entropy_trigger
protocol-1.1,ablation,st70.tsp,70,EUC_2D,small,MSA-nonadaptive-3opt,hybrid_v4_2,2,20460903,fdcd042d593ef3bc,675,675,0,736,15151,89059508,6750,8401,0,8400,900,3176332,6159,150,12548935,377,15725267,44,0.00527950000105193,2.27459180000005,51.4530599999998,39.1662963999843,53.7333476000058,58,entropy_trigger
protocol-1.1,ablation,st70.tsp,70,EUC_2D,small,MSA-nonadaptive-3opt,hybrid_v4_2,3,20460904,fdcd042d593ef3bc,675,675,0,788,14551,93382712,6150,8401,0,8400,900,3803938,7742,150,12858065,424,16662003,40,0.00744020000274759,1.85021380000398,53.6554613000044,41.4753889999993,55.5133845000018,53,entropy_trigger
protocol-1.1,ablation,st70.tsp,70,EUC_2D,small,MSA-nonadaptive-3opt,hybrid_v4_2,4,20460905,fdcd042d593ef3bc,676,675,0.148148148148148,784,11551,77881496,3150,8401,0,8400,900,2545756,4416,150,11148317,291,13694073,20,0.00390350000088802,0.97690049999801,47.0935222999979,34.6110630999465,48.0745177000063,47,entropy_trigger
protocol-1.1,ablation,st70.tsp,70,EUC_2D,small,MSA-nonadaptive-3opt,hybrid_v4_2,5,20460906,fdcd042d593ef3bc,680,675,0.740740740740741,736,14101,75392466,5700,8401,0,8400,900,2452769,4262,150,10765720,234,13218489,37,0.00364470000204165,1.93028380000032,43.9412703000053,32.1291528999354,45.8753731000033,52,entropy_trigger
protocol-1.1,ablation,st70.tsp,70,EUC_2D,small,MSA-nonadaptive-3opt,hybrid_v4_2,6,20460907,fdcd042d593ef3bc,676,675,0.148148148148148,787,12301,84318108,3900,8401,0,8400,900,2867996,5306,150,11997509,362,14865505,25,0.00372400000196649,1.08253279999917,47.8051104999977,36.3587936000549,48.8915514999971,49,entropy_trigger
protocol-1.1,ablation,st70.tsp,70,EUC_2D,small,MSA-nonadaptive-3opt,hybrid_v4_2,7,20460908,fdcd042d593ef3bc,675,675,0,740,17551,105918132,9150,8401,0,8400,900,4191551,8674,150,14653893,546,18845444,60,0.00529320000350708,3.11469550000038,57.5772865000035,45.9302753000084,60.6974631999983,57,entropy_trigger
protocol-1.1,ablation,st70.tsp,70,EUC_2D,small,MSA-nonadaptive-3opt,hybrid_v4_2,8,20460909,fdcd042d593ef3bc,675,675,0,763,13651,95185094,5250,8401,0,8400,900,3493912,6874,150,13375646,485,16869558,34,0.00389259999792557,1.53814290000446,53.9356628000023,41.9085208999968,55.4778814000019,56,entropy_trigger
protocol-1.1,ablation,st70.tsp,70,EUC_2D,small,MSA-nonadaptive-3opt,hybrid_v4_2,9,20460910,fdcd042d593ef3bc,675,675,0,747,14551,74318010,6150,8401,0,8400,900,2248439,3754,150,10717614,230,12966053,40,0.00424159999965923,2.02450509999471,45.9847160999998,33.444862600023,48.0137372999961,47,entropy_trigger
protocol-1.1,ablation,st70.tsp,70,EUC_2D,small,MSA-nonadaptive-3opt,hybrid_v4_2,10,20460911,fdcd042d593ef3bc,675,675,0,775,13051,80870630,4650,8401,0,8400,900,2417497,4479,150,11714512,320,14132009,30,0.00397999999404419,1.49323210000148,50.4149206000002,37.5472263999909,51.912353599997,52,entropy_trigger
protocol-1.1,ablation,st70.tsp,70,EUC_2D,small,MSA-nonadaptive-3opt,hybrid_v4_2,11,20460912,fdcd042d593ef3bc,676,675,0.148148148148148,796,10801,105018274,2400,8401,0,8400,900,3872991,7960,150,14795040,498,18668031,15,0.00412639999558451,0.727204700000584,60.073246400003,47.8954852000243,60.8047957000017,47,entropy_trigger
protocol-1.1,ablation,st70.tsp,70,EUC_2D,small,MSA-nonadaptive-3opt,hybrid_v4_2,12,20460913,fdcd042d593ef3bc,675,675,0,750,16801,85837270,8400,8401,0,8400,900,3593328,7107,150,11714648,320,15307976,55,0.004565499999444,2.59740089999832,48.3091151000044,36.7609595000322,50.9112779999996,55,entropy_trigger
protocol-1.1,ablation,st70.tsp,70,EUC_2D,small,MSA-nonadaptive-3opt,hybrid_v4_2,13,20460914,fdcd042d593ef3bc,675,675,0,765,17851,80876508,9450,8401,0,8400,900,2995040,5487,150,11274463,277,14269503,62,0.00371490000543417,2.76491050000186,45.5255168000003,34.1962157999806,48.2943222999966,56,entropy_trigger
protocol-1.1,ablation,st70.tsp,70,EUC_2D,small,MSA-nonadaptive-3opt,hybrid_v4_2,14,20460915,fdcd042d593ef3bc,675,675,0,766,14251,81713862,5850,8401,0,8400,900,2522744,4370,150,11770886,334,14293630,38,0.00413259999913862,1.70975419999741,46.0939789999975,34.5249790999296,47.8080473000009,53,entropy_trigger
protocol-1.1,ablation,st70.tsp,70,EUC_2D,small,MSA-nonadaptive-3opt,hybrid_v4_2,15,20460916,fdcd042d593ef3bc,675,675,0,796,10801,67841940,2400,8401,0,8400,900,2208269,3659,150,9708799,156,11917068,15,0.00357599999551894,0.638261500003864,40.2548415999991,28.5750405999861,40.8968537999972,48,entropy_trigger
protocol-1.1,ablation,ulysses22.tsp,22,GEO,small,MSA-ACO,hybrid_v4_2,1,20360902,5bf7fdb7b4f06017,7013,7013,0,7275,7951,7789842,4200,3751,0,3750,450,220610,1210,150,1122080,95,1342690,27,0.00139660000422737,0.492456300002232,4.66324599999643,3.20379840007081,5.15762569999788,52,entropy_trigger
protocol-1.1,ablation,ulysses22.tsp,22,GEO,small,MSA-ACO,hybrid_v4_2,2,20360903,5bf7fdb7b4f06017,7013,7013,0,7564,11551,7322770,7800,3751,0,3750,450,144066,528,150,1082064,47,1226130,51,0.00137230000109412,0.824776499997824,4.55251809999754,3.00935179996304,5.37884340000164,47,entropy_trigger
protocol-1.1,ablation,ulysses22.tsp,22,GEO,small,MSA-ACO,hybrid_v4_2,3,20360904,5bf7fdb7b4f06017,7013,7013,0,7083,7951,7248172,4200,3751,0,3750,450,172593,766,150,1063813,33,1236406,27,0.00124750000395579,0.548890400001255,4.35749229999783,2.9318299999868,4.90778419999697,56,entropy_trigger
protocol-1.1,ablation,ulysses22.tsp,22,GEO,small,MSA-ACO,hybrid_v4_2,4,20360905,5bf7fdb7b4f06017,7013,7013,0,7197,8551,7294164,4800,3751,0,3750,450,170222,742,150,1070859,65,1241081,31,0.00155730000551557,0.522736800005077,4.42774690000078,2.94635810000909,4.95219609999913,52,entropy_trigger
protocol-1.1,ablation,ulysses22.tsp,22,GEO,small,MSA-ACO,hybrid_v4_2,5,20360906,5bf7fdb7b4f06017,7013,7013,0,7156,9151,7272854,5400,3751,0,3750,450,144256,490,150,1082418,38,1226674,35,0.00118400000064867,0.599426499997207,4.5118810999993,3.00550530002511,5.11267780000344,52,entropy_trigger
protocol-1.1,ablation,ulysses22.tsp,22,GEO,small,MSA-ACO,hybrid_v4_2,6,20360907,5bf7fdb7b4f06017,7013,7013,0,7259,9451,8172154,5700,3751,0,3750,450,223737,1291,150,1178214,138,1401951,37,0.0017054999989341,0.704933399996662,5.22099270000035,3.58287930001825,5.92782800000714,51,entropy_trigger
protocol-1.1,ablation,ulysses22.tsp,22,GEO,small,MSA-ACO,hybrid_v4_2,7,20360908,5bf7fdb7b4f06017,7013,7013,0,7572,12001,8433300,8250,3751,0,3750,450,219041,1267,150,1215519,158,1434560,54,0.00145429999975022,1.04880570000387,5.25530799999979,3.61713939999754,6.30574809999962,54,entropy_trigger
protocol-1.1,ablation,ulysses22.tsp,22,GEO,small,MSA-ACO,hybrid_v4_2,8,20360909,5bf7fdb7b4f06017,7013,7013,0,7909,6901,7137042,3150,3751,0,3750,450,148271,583,150,1065356,38,1213627,20,0.00215400000161026,0.38110289999895,5.01673320000555,3.32967479997023,5.40023990000191,52,entropy_trigger
protocol-1.1,ablation,ulysses22.tsp,22,GEO,small,MSA-ACO,hybrid_v4_2,9,20360910,5bf7fdb7b4f06017,7013,7013,0,7181,10951,7767116,7200,3751,0,3750,450,199663,983,150,1121257,99,1320920,47,0.00134350000007544,0.925193799994304,5.223104100005,3.58004390003043,6.14982109999983,51,entropy_trigger
protocol-1.1,ablation,ulysses22.tsp,22,GEO,small,MSA-ACO,hybrid_v4_2,10,20360911,5bf7fdb7b4f06017,7013,7013,0,7211,11701,8013684,7950,3751,0,3750,450,202727,1102,150,1157559,164,1360286,52,0.0013018000026932,1.03677229999448,5.26368489999732,3.65087829996628,6.3019329000017,55,entropy_trigger
protocol-1.1,ablation,ulysses22.tsp,22,GEO,small,MSA-ACO,hybrid_v4_2,11,20360912,5bf7fdb7b4f06017,7013,7013,0,7432,12751,7264428,9000,3751,0,3750,450,144329,531,150,1067765,48,1212094,59,0.00132640000083484,1.09899960000621,4.93562769999699,3.32559300004505,6.03616190000321,51,entropy_trigger
protocol-1.1,ablation,ulysses22.tsp,22,GEO,small,MSA-ACO,hybrid_v4_2,12,20360913,5bf7fdb7b4f06017,7013,7013,0,7083,7201,8229234,3450,3751,0,3750,450,186686,982,150,1220678,140,1407364,22,0.0013701999996556,0.388866300003428,5.56933130000107,3.87530829999741,5.9597400000057,52,entropy_trigger
protocol-1.1,ablation,ulysses22.tsp,22,GEO,small,MSA-ACO,hybrid_v4_2,13,20360914,5bf7fdb7b4f06017,7013,7013,0,7811,8401,8044866,4650,3751,0,3750,450,218771,1269,150,1164160,128,1382931,30,0.00195350000285544,0.579676100001961,5.6099938000043,3.83950229999027,6.19203650000418,52,entropy_trigger
protocol-1.1,ablation,ulysses22.tsp,22,GEO,small,MSA-ACO,hybrid_v4_2,14,20360915,5bf7fdb7b4f06017,7013,7013,0,7146,12001,8224462,8250,3751,0,3750,450,199584,1120,150,1193684,127,1393268,54,0.00134470000193687,1.0317381000059,5.29148669999995,3.69308780001302,6.3247493999952,54,entropy_trigger
protocol-1.1,ablation,ulysses22.tsp,22,GEO,small,MSA-ACO,hybrid_v4_2,15,20360916,5bf7fdb7b4f06017,7013,7013,0,7083,7651,8301292,3900,3751,0,3750,450,220644,1206,150,1208399,198,1429043,25,0.00130650000210153,0.472519599999941,5.57325869999477,3.90435689999867,6.04725440000038,52,entropy_trigger
protocol-1.1,ablation,ulysses22.tsp,22,GEO,small,MSA-fixed-switch,hybrid_v4_2,1,20360902,61ba92a3430ed643,7013,7013,0,7275,7951,7789578,4200,3751,0,3750,450,220544,1208,150,1122080,95,1342624,27,0.00126489999820478,0.456108200000017,4.67622870000196,3.22326259998954,5.13381379999919,60,fixed_control
protocol-1.1,ablation,ulysses22.tsp,22,GEO,small,MSA-fixed-switch,hybrid_v4_2,2,20360903,61ba92a3430ed643,7013,7013,0,7564,11551,7322982,7800,3751,0,3750,450,144119,528,150,1082064,47,1226183,51,0.00119059999997262,0.973866299995279,4.59825519999868,3.05342470006144,5.5734999999986,60,fixed_control
protocol-1.1,ablation,ulysses22.tsp,22,GEO,small,MSA-fixed-switch,hybrid_v4_2,3,20360904,61ba92a3430ed643,7013,7013,0,7083,7951,7245900,4200,3751,0,3750,450,172025,763,150,1063813,33,1235838,27,0.0014796999967075,0.449340500003018,4.26231929999631,2.83262960003776,4.71332200000325,60,fixed_control
protocol-1.1,ablation,ulysses22.tsp,22,GEO,small,MSA-fixed-switch,hybrid_v4_2,4,20360905,61ba92a3430ed643,7013,7013,0,7197,8551,7296788,4800,3751,0,3750,450,170878,749,150,1070859,65,1241737,31,0.00193610000133049,0.521335600002203,4.60191279999708,3.06874510001944,5.12534239999513,60,fixed_control
protocol-1.1,ablation,ulysses22.tsp,22,GEO,small,MSA-fixed-switch,hybrid_v4_2,5,20360906,61ba92a3430ed643,7013,7013,0,7156,9151,7272638,5400,3751,0,3750,450,144202,488,150,1082418,38,1226620,35,0.00129379999998491,0.600013699993724,4.38812490000419,2.93760359998123,4.98959540000214,60,fixed_control
protocol-1.1,ablation,ulysses22.tsp,22,GEO,small,MSA-fixed-switch,hybrid_v4_2,6,20360907,61ba92a3430ed643,7013,7013,0,7259,9451,8426820,5700,3751,0,3750,450,253472,1571,150,1200835,165,1454307,37,0.00185090000013588,0.686986900000193,5.46936429999914,3.85530139999901,6.15843990000576,60,fixed_control
protocol-1.1,ablation,ulysses22.tsp,22,GEO,small,MSA-fixed-switch,hybrid_v4_2,7,20360908,61ba92a3430ed643,7013,7013,0,7572,12001,8307306,8250,3751,0,3750,450,207416,1167,150,1202270,165,1409686,54,0.00244930000189925,1.01523670000461,5.54526669999905,3.86119049997069,6.56321300000127,60,fixed_control
protocol-1.1,ablation,ulysses22.tsp,22,GEO,small,MSA-fixed-switch,hybrid_v4_2,8,20360909,61ba92a3430ed643,7013,7013,0,7909,6901,7135314,3150,3751,0,3750,450,147839,581,150,1065356,38,1213195,20,0.00133679999999003,0.368666999995185,5.11859159999585,3.37280070003908,5.48877139999968,60,fixed_control
protocol-1.1,ablation,ulysses22.tsp,22,GEO,small,MSA-fixed-switch,hybrid_v4_2,9,20360910,61ba92a3430ed643,7013,7013,0,7181,10951,7772004,7200,3751,0,3750,450,200885,990,150,1121257,99,1322142,47,0.00198749999981374,0.821818399999756,5.16534010000032,3.54286579999462,5.98933540000144,60,fixed_control
protocol-1.1,ablation,ulysses22.tsp,22,GEO,small,MSA-fixed-switch,hybrid_v4_2,10,20360911,61ba92a3430ed643,7013,7013,0,7211,11701,8201932,7950,3751,0,3750,450,222924,1277,150,1175469,187,1398393,52,0.00132280000252649,0.979531500001031,5.30193169999984,3.7190562000178,6.2829636000024,60,fixed_control
protocol-1.1,ablation,ulysses22.tsp,22,GEO,small,MSA-fixed-switch,hybrid_v4_2,11,20360912,61ba92a3430ed643,7013,7013,0,7432,12751,7266028,9000,3751,0,3750,450,144729,532,150,1067765,48,1212494,59,0.00253990000055637,1.17654279999988,4.88875209999969,3.25158469993039,6.06809610000346,60,fixed_control
protocol-1.1,ablation,ulysses22.tsp,22,GEO,small,MSA-fixed-switch,hybrid_v4_2,12,20360913,61ba92a3430ed643,7013,7013,0,7083,7201,8543686,3450,3751,0,3750,450,197193,1120,150,1266082,185,1463275,22,0.00159910000365926,0.469207399997686,5.50549209999735,3.85506190004526,5.97647680000227,60,fixed_control
protocol-1.1,ablation,ulysses22.tsp,22,GEO,small,MSA-fixed-switch,hybrid_v4_2,13,20360914,61ba92a3430ed643,7013,7013,0,7811,8401,8074984,4650,3751,0,3750,450,221946,1328,150,1167063,127,1389009,30,0.00137619999441085,0.651615299997502,5.92255049999949,4.08216390008602,6.57572409999557,60,fixed_control
protocol-1.1,ablation,ulysses22.tsp,22,GEO,small,MSA-fixed-switch,hybrid_v4_2,14,20360915,61ba92a3430ed643,7013,7013,0,7146,12001,8327322,8250,3751,0,3750,450,206678,1199,150,1206098,132,1412776,54,0.0013286999965203,1.03289640000003,5.40969290000066,3.76561099995888,6.44409129999985,60,fixed_control
protocol-1.1,ablation,ulysses22.tsp,22,GEO,small,MSA-fixed-switch,hybrid_v4_2,15,20360916,61ba92a3430ed643,7013,7013,0,7083,7651,8424540,3900,3751,0,3750,450,232124,1329,150,1221287,231,1453411,25,0.00236410000070464,0.508301500005473,5.51515479999944,3.84970510000858,6.02606689999811,60,fixed_control
protocol-1.1,ablation,ulysses22.tsp,22,GEO,small,MSA-no-2opt,hybrid_v4_2,1,20360902,78e723797ccf93fd,7013,7013,0,7275,7951,6916582,4200,3751,0,3750,0,0,0,150,1123610,251,1123610,27,0.00125190000107978,0.44013619999896,4.26086179999402,2.77047159994981,4.70246939999925,54,entropy_trigger
protocol-1.1,ablation,ulysses22.tsp,22,GEO,small,MSA-no-2opt,hybrid_v4_2,2,20360903,78e723797ccf93fd,7013,7013,0,7564,11551,6944446,7800,3751,0,3750,0,0,0,150,1115054,244,1115054,51,0.0014686999929836,0.911108200001763,4.14654999999766,2.68848109998362,5.05932029999531,47,entropy_trigger
protocol-1.1,ablation,ulysses22.tsp,22,GEO,small,MSA-no-2opt,hybrid_v4_2,3,20360904,78e723797ccf93fd,7013,7013,0,7083,7951,7150696,4200,3751,0,3750,0,0,0,150,1162629,269,1162629,27,0.00150340000254801,0.438435399999435,4.36014649999561,2.86489820000861,4.80025970000133,50,entropy_trigger
protocol-1.1,ablation,ulysses22.tsp,22,GEO,small,MSA-no-2opt,hybrid_v4_2,4,20360905,78e723797ccf93fd,7013,7013,0,7197,8551,7192300,4800,3751,0,3750,0,0,0,150,1167363,326,1167363,31,0.00208500000007916,0.556421199995384,4.2429873000001,2.80092940001487,4.80179189999762,53,entropy_trigger
protocol-1.1,ablation,ulysses22.tsp,22,GEO,small,MSA-no-2opt,hybrid_v4_2,5,20360906,78e723797ccf93fd,7013,7013,0,7156,9151,6759796,5400,3751,0,3750,0,0,0,150,1093079,191,1093079,35,0.00124740000319434,0.595490099993185,4.37610669999412,2.78899079999974,4.97302560000389,53,entropy_trigger
protocol-1.1,ablation,ulysses22.tsp,22,GEO,small,MSA-no-2opt,hybrid_v4_2,6,20360907,78e723797ccf93fd,7013,7013,0,7259,9451,7336234,5700,3751,0,3750,0,0,0,150,1188052,483,1188052,37,0.00175319999834755,0.61995740000566,5.09829809999792,3.37910640000337,5.7201694999967,51,entropy_trigger
protocol-1.1,ablation,ulysses22.tsp,22,GEO,small,MSA-no-2opt,hybrid_v4_2,7,20360908,78e723797ccf93fd,7013,7013,0,7572,12001,7090054,8250,3751,0,3750,0,0,0,150,1137672,252,1137672,54,0.00237310000375146,0.982111999997869,4.81045599999925,3.14605269999447,5.79519179999625,51,entropy_trigger
protocol-1.1,ablation,ulysses22.tsp,22,GEO,small,MSA-no-2opt,hybrid_v4_2,8,20360909,78e723797ccf93fd,7013,7013,0,7909,6901,7160716,3150,3751,0,3750,0,0,0,150,1168149,379,1168149,20,0.00135910000244621,0.358485500000825,4.86058290000074,3.20282650001172,5.22060359999887,54,entropy_trigger
protocol-1.1,ablation,ulysses22.tsp,22,GEO,small,MSA-no-2opt,hybrid_v4_2,9,20360910,78e723797ccf93fd,7013,7013,0,7181,10951,7206004,7200,3751,0,3750,0,0,0,150,1160847,303,1160847,47,0.00189220000174828,0.935237899997446,4.98787630000152,3.28728210000554,5.92519040000479,51,entropy_trigger
protocol-1.1,ablation,ulysses22.tsp,22,GEO,small,MSA-no-2opt,hybrid_v4_2,10,20360911,78e723797ccf93fd,7013,7013,0,7211,11701,7253158,7950,3751,0,3750,0,0,0,150,1165956,287,1165956,52,0.00197079999634298,0.908162499996251,5.06967400000576,3.33225269999821,5.97997919999762,47,entropy_trigger
protocol-1.1,ablation,ulysses22.tsp,22,GEO,small,MSA-no-2opt,hybrid_v4_2,11,20360912,78e723797ccf93fd,7013,7013,0,7432,12751,6951016,9000,3751,0,3750,0,0,0,150,1111749,247,1111749,59,0.0013734000021941,1.02399239999795,4.64399340000091,2.98460479998175,5.66953809999541,51,entropy_trigger
protocol-1.1,ablation,ulysses22.tsp,22,GEO,small,MSA-no-2opt,hybrid_v4_2,12,20360913,78e723797ccf93fd,7013,7013,0,7083,7201,7055734,3450,3751,0,3750,0,0,0,150,1149552,324,1149552,22,0.00191839999752119,0.398905299996841,5.09023580000212,3.32790500004921,5.49124909999955,52,entropy_trigger
protocol-1.1,ablation,ulysses22.tsp,22,GEO,small,MSA-no-2opt,hybrid_v4_2,13,20360914,78e723797ccf93fd,7013,7013,0,7811,8401,7400530,4650,3751,0,3750,0,0,0,150,1202618,423,1202618,30,0.00134030000481289,0.640577500002109,5.11835789999895,3.37964329999522,5.76046289999795,51,entropy_trigger
protocol-1.1,ablation,ulysses22.tsp,22,GEO,small,MSA-no-2opt,hybrid_v4_2,14,20360915,78e723797ccf93fd,7013,7013,0,7146,12001,7688074,8250,3751,0,3750,0,0,0,150,1237342,407,1237342,54,0.00203070000134176,1.09156760000042,5.27069409999967,3.51659490006568,6.36447169999883,52,entropy_trigger
protocol-1.1,ablation,ulysses22.tsp,22,GEO,small,MSA-no-2opt,hybrid_v4_2,15,20360916,78e723797ccf93fd,7013,7013,0,7083,7651,6777556,3900,3751,0,3750,0,0,0,150,1101539,183,1101539,25,0.00181409999640891,0.458197500003735,4.74440239999967,3.05648780003685,5.2045786000017,52,entropy_trigger
protocol-1.1,ablation,ulysses22.tsp,22,GEO,small,MSA-no-3opt,hybrid_v4_2,1,20360902,11ac6c16f7b6eae0,7013,7013,0,7275,7951,1161402,4200,3751,0,3750,450,246620,1539,0,0,0,246620,27,0.00125139999727253,0.497630500001833,2.02857000000222,0.478148099980899,2.5276548000038,52,entropy_trigger
protocol-1.1,ablation,ulysses22.tsp,22,GEO,small,MSA-no-3opt,hybrid_v4_2,2,20360903,11ac6c16f7b6eae0,7013,7013,0,7564,11551,830874,7800,3751,0,3750,450,144188,587,0,0,0,144188,51,0.0020485000059125,0.859689000004437,1.64847559999907,0.293653999986418,2.51045429999795,47,entropy_trigger
protocol-1.1,ablation,ulysses22.tsp,22,GEO,small,MSA-no-3opt,hybrid_v4_2,3,20360904,11ac6c16f7b6eae0,7013,7013,0,7083,7951,989190,4200,3751,0,3750,450,203567,1118,0,0,0,203567,27,0.00167660000442993,0.487468599996646,1.82788950000395,0.389039100002265,2.3171932999976,56,entropy_trigger
protocol-1.1,ablation,ulysses22.tsp,22,GEO,small,MSA-no-3opt,hybrid_v4_2,4,20360905,11ac6c16f7b6eae0,7013,7013,0,7197,8551,768310,4800,3751,0,3750,450,145047,521,0,0,0,145047,31,0.00130889999854844,0.474532499996712,1.70696419999877,0.288723499907064,2.18296839999675,52,entropy_trigger
protocol-1.1,ablation,ulysses22.tsp,22,GEO,small,MSA-no-3opt,hybrid_v4_2,5,20360906,11ac6c16f7b6eae0,7013,7013,0,7156,9151,754102,5400,3751,0,3750,450,138195,433,0,0,0,138195,35,0.00192249999963678,0.548546999998507,1.88469340000302,0.316898000033689,2.43538470000203,52,entropy_trigger
protocol-1.1,ablation,ulysses22.tsp,22,GEO,small,MSA-no-3opt,hybrid_v4_2,6,20360907,11ac6c16f7b6eae0,7013,7013,0,7259,9451,861790,5700,3751,0,3750,450,163467,701,0,0,0,163467,37,0.00218250000034459,0.770968600001652,2.02015740000206,0.395741099993757,2.79354890000104,51,entropy_trigger
protocol-1.1,ablation,ulysses22.tsp,22,GEO,small,MSA-no-3opt,hybrid_v4_2,7,20360908,11ac6c16f7b6eae0,7013,7013,0,7572,12001,832934,8250,3751,0,3750,450,142228,471,0,0,0,142228,54,0.00138210000295658,0.965800600002694,2.066591099996,0.358624099993904,3.03394660000049,54,entropy_trigger
protocol-1.1,ablation,ulysses22.tsp,22,GEO,small,MSA-no-3opt,hybrid_v4_2,8,20360909,11ac6c16f7b6eae0,7013,7013,0,7909,6901,1036550,3150,3751,0,3750,450,221182,1242,0,0,0,221182,20,0.00138300000253366,0.339840699998604,2.11735440000484,0.496795799997926,2.45875399999932,52,entropy_trigger
protocol-1.1,ablation,ulysses22.tsp,22,GEO,small,MSA-no-3opt,hybrid_v4_2,9,20360910,11ac6c16f7b6eae0,7013,7013,0,7181,10951,1222970,7200,3751,0,3750,450,245512,1422,0,0,0,245512,47,0.0014011000021128,0.935813200005214,2.29945859999862,0.589213300008851,3.23685119999573,56,entropy_trigger
protocol-1.1,ablation,ulysses22.tsp,22,GEO,small,MSA-no-3opt,hybrid_v4_2,10,20360911,11ac6c16f7b6eae0,7013,7013,0,7211,11701,1086018,7950,3751,0,3750,450,207149,1158,0,0,0,207149,52,0.00131629999668803,1.00756120000005,2.0732330000028,0.486969999983557,3.08228170000075,55,entropy_trigger
protocol-1.1,ablation,ulysses22.tsp,22,GEO,small,MSA-no-3opt,hybrid_v4_2,11,20360912,11ac6c16f7b6eae0,7013,7013,0,7432,12751,883278,9000,3751,0,3750,450,150689,561,0,0,0,150689,59,0.00137309999990975,1.05261479999899,2.01317600000038,0.350925599988841,3.06733969999914,51,entropy_trigger
protocol-1.1,ablation,ulysses22.tsp,22,GEO,small,MSA-no-3opt,hybrid_v4_2,12,20360913,11ac6c16f7b6eae0,7013,7013,0,7083,7201,746134,3450,3751,0,3750,450,146928,536,0,0,0,146928,22,0.00209069999982603,0.448380599998927,1.88725309999427,0.342397700012953,2.33800759999576,52,entropy_trigger
protocol-1.1,ablation,ulysses22.tsp,22,GEO,small,MSA-no-3opt,hybrid_v4_2,13,20360914,11ac6c16f7b6eae0,7013,7013,0,7811,8401,853966,4650,3751,0,3750,450,167286,706,0,0,0,167286,30,0.00241429999732645,0.62963939999463,2.42009929999767,0.471357899979921,3.05245170000126,52,entropy_trigger
protocol-1.1,ablation,ulysses22.tsp,22,GEO,small,MSA-no-3opt,hybrid_v4_2,14,20360915,11ac6c16f7b6eae0,7013,7013,0,7146,12001,1056574,8250,3751,0,3750,450,198138,1078,0,0,0,198138,54,0.00238700000045355,0.988548200002697,2.06852280000021,0.461328199984564,3.05970669999806,54,entropy_trigger
protocol-1.1,ablation,ulysses22.tsp,22,GEO,small,MSA-no-3opt,hybrid_v4_2,15,20360916,11ac6c16f7b6eae0,7013,7013,0,7083,7651,982498,3900,3751,0,3750,450,203544,1076,0,0,0,203544,25,0.00169050000113202,0.443930299996282,2.16226949999691,0.476527800004988,2.60806880000018,52,entropy_trigger
protocol-1.1,ablation,ulysses22.tsp,22,GEO,small,MSA-no-GA-init,hybrid_v4_2,1,20360902,cb3ad1c3701888fd,7013,7013,0,,3751,8269184,0,3751,0,3750,450,195769,1010,150,1233931,167,1429700,0,0.00123020000319229,0.0000252999961958267,4.9856282000037,3.483348400041,4.98712410000007,52,entropy_trigger
protocol-1.1,ablation,ulysses22.tsp,22,GEO,small,MSA-no-GA-init,hybrid_v4_2,2,20360903,cb3ad1c3701888fd,7013,7013,0,,3751,7827976,0,3751,0,3750,450,232560,1300,150,1135869,91,1368429,0,0.00124899999354966,0.000025200002710335,4.90495499999815,3.37273420000565,4.90650859999732,53,entropy_trigger
protocol-1.1,ablation,ulysses22.tsp,22,GEO,small,MSA-no-GA-init,hybrid_v4_2,3,20360904,cb3ad1c3701888fd,7013,7013,0,,3751,7126336,0,3751,0,3750,450,156999,626,150,1069303,36,1226302,0,0.00211630000558216,0.0000222000016947277,4.42086910000216,2.93271120001009,4.42324779999763,52,entropy_trigger
protocol-1.1,ablation,ulysses22.tsp,22,GEO,small,MSA-no-GA-init,hybrid_v4_2,4,20360905,cb3ad1c3701888fd,7013,7013,0,,3751,7283516,0,3751,0,3750,450,164788,664,150,1090307,49,1255095,0,0.00112349999835715,0.0000348999965353869,4.54410680000001,3.0496505000483,4.54542019999644,56,entropy_trigger
protocol-1.1,ablation,ulysses22.tsp,22,GEO,small,MSA-no-GA-init,hybrid_v4_2,5,20360906,cb3ad1c3701888fd,7013,7013,0,,3751,7743756,0,3751,0,3750,450,203033,1094,150,1141517,113,1344550,0,0.00120079999760492,0.0000177999972947873,4.60607489999529,3.16388169999846,4.60747199999605,51,entropy_trigger
protocol-1.1,ablation,ulysses22.tsp,22,GEO,small,MSA-no-GA-init,hybrid_v4_2,6,20360907,cb3ad1c3701888fd,7013,7013,0,,3751,7796924,0,3751,0,3750,450,230020,1332,150,1132387,105,1362407,0,0.00130439999338705,0.0000164000011864118,5.32499450000614,3.63316160000977,5.32647590000124,54,entropy_trigger
protocol-1.1,ablation,ulysses22.tsp,22,GEO,small,MSA-no-GA-init,hybrid_v4_2,7,20360908,cb3ad1c3701888fd,7013,7013,0,,3751,7425240,0,3751,0,3750,450,164126,710,150,1114369,46,1278495,0,0.00132880000455771,0.0000160999989020638,5.11520269999892,3.45653020000464,5.1167140999969,54,entropy_trigger
protocol-1.1,ablation,ulysses22.tsp,22,GEO,small,MSA-no-GA-init,hybrid_v4_2,8,20360909,cb3ad1c3701888fd,7013,7013,0,,3751,7429634,0,3751,0,3750,450,181327,874,150,1103634,103,1284961,0,0.00137240000185557,0.0000156000023707747,5.00157400000171,3.36406290001469,5.0031295000008,53,entropy_trigger
protocol-1.1,ablation,ulysses22.tsp,22,GEO,small,MSA-no-GA-init,hybrid_v4_2,9,20360910,cb3ad1c3701888fd,7013,7013,0,,3751,7057640,0,3751,0,3750,450,164665,682,150,1052743,40,1217408,0,0.00237190000189003,0.0000241000016103499,5.04114349999873,3.3112505999743,5.0438112999982,51,entropy_trigger
protocol-1.1,ablation,ulysses22.tsp,22,GEO,small,MSA-no-GA-init,hybrid_v4_2,10,20360911,cb3ad1c3701888fd,7013,7013,0,,3751,8366930,0,3751,0,3750,450,225172,1263,150,1230620,231,1455792,0,0.00246730000071693,0.0000264999980572611,5.57857109999895,3.89856479992886,5.58134040000004,52,entropy_trigger
protocol-1.1,ablation,ulysses22.tsp,22,GEO,small,MSA-no-GA-init,hybrid_v4_2,11,20360912,cb3ad1c3701888fd,7013,7013,0,,3751,7286700,0,3751,0,3750,450,175580,783,150,1083643,61,1259223,0,0.0013494000013452,0.0000178999980562367,5.0075988000026,3.37379580001289,5.00914519999787,51,entropy_trigger
protocol-1.1,ablation,ulysses22.tsp,22,GEO,small,MSA-no-GA-init,hybrid_v4_2,12,20360913,cb3ad1c3701888fd,7013,7013,0,,3751,7964360,0,3751,0,3750,450,257470,1567,150,1141993,98,1399463,0,0.00199289999727625,0.000018300001102034,5.23419669999566,3.59827529999893,5.23638380000193,51,entropy_trigger
protocol-1.1,ablation,ulysses22.tsp,22,GEO,small,MSA-no-GA-init,hybrid_v4_2,13,20360914,cb3ad1c3701888fd,7013,7013,0,,3751,7203468,0,3751,0,3750,450,162701,672,150,1078357,39,1241058,0,0.00244309999834513,0.0000239000000874512,5.49735489999875,3.6927999999607,5.50006649999705,55,entropy_trigger
protocol-1.1,ablation,ulysses22.tsp,22,GEO,small,MSA-no-GA-init,hybrid_v4_2,14,20360915,cb3ad1c3701888fd,7013,7013,0,,3751,7727762,0,3751,0,3750,450,214924,1230,150,1130924,141,1345848,0,0.001353100000415,0.0000161999996635132,5.32783610000479,3.63947669997287,5.3293829999966,52,entropy_trigger
protocol-1.1,ablation,ulysses22.tsp,22,GEO,small,MSA-no-GA-init,hybrid_v4_2,15,20360916,cb3ad1c3701888fd,7013,7013,0,,3751,7837166,0,3751,0,3750,450,217624,1236,150,1147358,95,1364982,0,0.00252899999759393,0.0000225000039790757,5.41731240000081,3.74820009995892,5.42012360000081,52,entropy_trigger
protocol-1.1,ablation,ulysses22.tsp,22,GEO,small,MSA-no-rank,hybrid_v4_2,1,20360902,b0e6bafb1c7ccca0,7013,7013,0,7275,7951,7618266,4200,3751,0,3750,450,130676,336,150,1153440,60,1284116,27,0.0012090000018361,0.451179800002137,4.73174219999783,3.25746259996959,5.1843435999981,52,entropy_trigger
protocol-1.1,ablation,ulysses22.tsp,22,GEO,small,MSA-no-rank,hybrid_v4_2,2,20360903,b0e6bafb1c7ccca0,7013,7013,0,7564,11551,6897490,7800,3751,0,3750,450,124806,307,150,1024024,10,1148830,51,0.00138480000168784,0.798191100002441,4.39420679999603,2.88558749998629,5.19399799999519,47,entropy_trigger
protocol-1.1,ablation,ulysses22.tsp,22,GEO,small,MSA-no-rank,hybrid_v4_2,3,20360904,b0e6bafb1c7ccca0,7013,7013,0,7083,7951,7199162,4200,3751,0,3750,450,136594,421,150,1079644,39,1216238,27,0.00133690000075148,0.458044099999825,4.39121750000049,2.93239089998679,4.85088329999417,54,entropy_trigger
protocol-1.1,ablation,ulysses22.tsp,22,GEO,small,MSA-no-rank,hybrid_v4_2,4,20360905,b0e6bafb1c7ccca0,7013,7013,0,7197,8551,7112580,4800,3751,0,3750,450,133175,415,150,1065293,36,1198468,31,0.00168760000087786,0.505823800005601,4.16812899999786,2.74525650004944,4.67584060000081,52,entropy_trigger
protocol-1.1,ablation,ulysses22.tsp,22,GEO,small,MSA-no-rank,hybrid_v4_2,5,20360906,b0e6bafb1c7ccca0,7013,7013,0,7156,9151,7121244,5400,3751,0,3750,450,134720,396,150,1063507,23,1198227,35,0.00185120000242023,0.568143300006341,4.27087330000359,2.78329739996116,4.84109810000518,52,entropy_trigger
protocol-1.1,ablation,ulysses22.tsp,22,GEO,small,MSA-no-rank,hybrid_v4_2,6,20360907,b0e6bafb1c7ccca0,7013,7013,0,7259,9451,7158328,5700,3751,0,3750,450,143949,531,150,1062435,33,1206384,37,0.00121789999684552,0.552943700000469,4.85504899999796,3.24434679993283,5.40939329999674,51,entropy_trigger
protocol-1.1,ablation,ulysses22.tsp,22,GEO,small,MSA-no-rank,hybrid_v4_2,7,20360908,b0e6bafb1c7ccca0,7013,7013,0,7572,12001,7178816,8250,3751,0,3750,450,125413,312,150,1068857,36,1194270,54,0.00207080000109272,1.00732229999994,5.11542249999911,3.38933000004181,6.12531160000071,54,entropy_trigger
protocol-1.1,ablation,ulysses22.tsp,22,GEO,small,MSA-no-rank,hybrid_v4_2,8,20360909,b0e6bafb1c7ccca0,7013,7013,0,7909,6901,7006896,3150,3751,0,3750,450,135068,418,150,1052467,25,1187535,20,0.00132409999787342,0.387428000001819,4.79716539999936,3.17720179998287,5.18608699999459,52,entropy_trigger
protocol-1.1,ablation,ulysses22.tsp,22,GEO,small,MSA-no-rank,hybrid_v4_2,9,20360910,b0e6bafb1c7ccca0,7013,7013,0,7181,10951,7918808,7200,3751,0,3750,450,203482,1032,150,1143993,80,1347475,47,0.00132870000379626,0.974103599997761,5.03996460000053,3.49555059999693,6.0155725999939,51,entropy_trigger
protocol-1.1,ablation,ulysses22.tsp,22,GEO,small,MSA-no-rank,hybrid_v4_2,10,20360911,b0e6bafb1c7ccca0,7013,7013,0,7211,11701,7209628,7950,3751,0,3750,450,129681,364,150,1072247,41,1201928,52,0.00132000000303378,0.975206299997808,4.91153089999716,3.28045109998493,5.88823620000039,54,entropy_trigger
protocol-1.1,ablation,ulysses22.tsp,22,GEO,small,MSA-no-rank,hybrid_v4_2,11,20360912,b0e6bafb1c7ccca0,7013,7013,0,7432,12751,7226582,9000,3751,0,3750,450,134320,452,150,1068130,36,1202450,59,0.00133740000455873,1.16263869999966,4.91873159999523,3.29293050002889,6.08288179999363,51,entropy_trigger
protocol-1.1,ablation,ulysses22.tsp,22,GEO,small,MSA-no-rank,hybrid_v4_2,12,20360913,b0e6bafb1c7ccca0,7013,7013,0,7083,7201,7081100,3450,3751,0,3750,450,136474,414,150,1062797,38,1199271,22,0.00135060000320664,0.402203400000872,4.9674881999963,3.33980600007635,5.37121800000023,52,entropy_trigger
protocol-1.1,ablation,ulysses22.tsp,22,GEO,small,MSA-no-rank,hybrid_v4_2,13,20360914,b0e6bafb1c7ccca0,7013,7013,0,7811,8401,7200954,4650,3751,0,3750,450,141041,480,150,1075328,41,1216369,30,0.00189219999447232,0.64834740000515,5.1674228999982,3.44978079999419,5.81800630000362,52,entropy_trigger
protocol-1.1,ablation,ulysses22.tsp,22,GEO,small,MSA-no-rank,hybrid_v4_2,14,20360915,b0e6bafb1c7ccca0,7013,7013,0,7146,12001,7065436,8250,3751,0,3750,450,124755,302,150,1050399,34,1175154,54,0.00133630000345875,0.97276630000124,4.95809929999814,3.25340849999338,5.93237990000489,54,entropy_trigger
protocol-1.1,ablation,ulysses22.tsp,22,GEO,small,MSA-no-rank,hybrid_v4_2,15,20360916,b0e6bafb1c7ccca0,7013,7013,0,7083,7651,6989504,3900,3751,0,3750,450,136399,432,150,1045931,26,1182330,25,0.00132599999778904,0.561277200002223,4.80412660000002,3.17544819998875,5.36690319999616,52,entropy_trigger
protocol-1.1,ablation,ulysses22.tsp,22,GEO,small,MSA-no-scale-adaptation,hybrid_v4_2,1,20360902,018a8be4c8e2beb7,7013,7013,0,7275,7951,7140826,4200,3751,0,3750,450,152364,521,150,1059408,34,1211772,27,0.00125029999617254,0.450619499999448,4.51087969999935,3.00150959996972,4.96298250000109,47,entropy_trigger
protocol-1.1,ablation,ulysses22.tsp,22,GEO,small,MSA-no-scale-adaptation,hybrid_v4_2,2,20360903,018a8be4c8e2beb7,7013,7013,0,7564,11551,8157082,7800,3751,0,3750,450,229866,1393,150,1163916,159,1393782,51,0.00123080000048503,0.951743800003896,4.94706139999471,3.42320159996598,5.90024760000233,56,entropy_trigger
protocol-1.1,ablation,ulysses22.tsp,22,GEO,small,MSA-no-scale-adaptation,hybrid_v4_2,3,20360904,018a8be4c8e2beb7,7013,7013,0,7083,7951,7351110,4200,3751,0,3750,450,158531,696,150,1090344,59,1248875,27,0.0013154000043869,0.410738900005526,4.60299020000093,3.08387920002133,5.01520149999851,55,entropy_trigger
protocol-1.1,ablation,ulysses22.tsp,22,GEO,small,MSA-no-scale-adaptation,hybrid_v4_2,4,20360905,018a8be4c8e2beb7,7013,7013,0,7197,8551,7126502,4800,3751,0,3750,450,163396,659,150,1047466,23,1210862,31,0.00231009999697562,0.614048399998865,4.40094540000428,2.90590889997839,5.01754179999989,55,entropy_trigger
protocol-1.1,ablation,ulysses22.tsp,22,GEO,small,MSA-no-scale-adaptation,hybrid_v4_2,5,20360906,018a8be4c8e2beb7,7013,7013,0,7156,9151,7806506,5400,3751,0,3750,450,178945,816,150,1148234,90,1327179,35,0.00117559999489458,0.626741899999615,4.91290280000248,3.3665064000088,5.54099940000015,53,entropy_trigger
protocol-1.1,ablation,ulysses22.tsp,22,GEO,small,MSA-no-scale-adaptation,hybrid_v4_2,6,20360907,018a8be4c8e2beb7,7013,7013,0,7259,9451,7089240,5700,3751,0,3750,450,150767,505,150,1046375,32,1197142,37,0.00222470000153407,0.733769200000097,5.07451659999788,3.34388019998005,5.81075079999573,51,entropy_trigger
protocol-1.1,ablation,ulysses22.tsp,22,GEO,small,MSA-no-scale-adaptation,hybrid_v4_2,7,20360908,018a8be4c8e2beb7,7013,7013,0,7572,12001,8067444,8250,3751,0,3750,450,201182,1066,150,1166449,131,1367631,54,0.0018151999975089,0.92156260000047,5.1791224999979,3.50032870002178,6.10268390000419,52,entropy_trigger
protocol-1.1,ablation,ulysses22.tsp,22,GEO,small,MSA-no-scale-adaptation,hybrid_v4_2,8,20360909,018a8be4c8e2beb7,7013,7013,0,7909,6901,7117142,3150,3751,0,3750,450,150574,535,150,1060504,29,1211078,20,0.00130100000387756,0.382753400001093,4.92213459999766,3.25746439998329,5.30635350000375,53,entropy_trigger
protocol-1.1,ablation,ulysses22.tsp,22,GEO,small,MSA-no-scale-adaptation,hybrid_v4_2,9,20360910,018a8be4c8e2beb7,7013,7013,0,7181,10951,7167026,7200,3751,0,3750,450,160021,617,150,1047670,31,1207691,47,0.00185420000343584,0.859646199998679,5.00018399999681,3.3379006999603,5.86185389999446,51,entropy_trigger
protocol-1.1,ablation,ulysses22.tsp,22,GEO,small,MSA-no-scale-adaptation,hybrid_v4_2,10,20360911,018a8be4c8e2beb7,7013,7013,0,7211,11701,7247732,7950,3751,0,3750,450,169321,743,150,1052171,26,1221492,52,0.00149410000449279,1.03013389999978,4.88261510000302,3.25923809997766,5.91442090000055,55,entropy_trigger
protocol-1.1,ablation,ulysses22.tsp,22,GEO,small,MSA-no-scale-adaptation,hybrid_v4_2,11,20360912,018a8be4c8e2beb7,7013,7013,0,7432,12751,7376234,9000,3751,0,3750,450,153928,552,150,1080000,48,1233928,59,0.00133750000532018,1.14653240000189,5.06997180000326,3.38661329997558,6.21801029999915,51,entropy_trigger
protocol-1.1,ablation,ulysses22.tsp,22,GEO,small,MSA-no-scale-adaptation,hybrid_v4_2,12,20360913,018a8be4c8e2beb7,7013,7013,0,7083,7201,7260624,3450,3751,0,3750,450,151700,549,150,1082567,56,1234267,22,0.00134030000481289,0.393130000004021,5.50667039999826,3.67193780000525,5.90131229999679,52,entropy_trigger
protocol-1.1,ablation,ulysses22.tsp,22,GEO,small,MSA-no-scale-adaptation,hybrid_v4_2,13,20360914,018a8be4c8e2beb7,7013,7013,0,7811,8401,7202720,4650,3751,0,3750,450,171115,783,150,1055573,47,1226688,30,0.00153970000246773,0.510291099999449,5.01141949999874,3.3662044000157,5.52342979999958,52,entropy_trigger
protocol-1.1,ablation,ulysses22.tsp,22,GEO,small,MSA-no-scale-adaptation,hybrid_v4_2,14,20360915,018a8be4c8e2beb7,7013,7013,0,7146,12001,7261200,8250,3751,0,3750,450,166148,675,150,1055431,25,1221579,54,0.00140920000558253,0.966087200002221,4.97909989999607,3.29755429998477,5.94676430000254,52,entropy_trigger
protocol-1.1,ablation,ulysses22.tsp,22,GEO,small,MSA-no-scale-adaptation,hybrid_v4_2,15,20360916,018a8be4c8e2beb7,7013,7013,0,7083,7651,7647774,3900,3751,0,3750,450,220718,1201,150,1099430,82,1320148,25,0.00208469999779481,0.434143999998923,5.65822289999778,3.78922919995239,6.09470149999834,52,entropy_trigger
protocol-1.1,ablation,ulysses22.tsp,22,GEO,small,MSA-nonadaptive-3opt,hybrid_v4_2,1,20360902,7a1b9435f1a6bbf1,7013,7013,0,7275,7951,7789842,4200,3751,0,3750,450,220610,1210,150,1122080,95,1342690,27,0.00131580000015674,0.458845400004066,4.65866639999876,3.2104050999842,5.11905420000403,52,entropy_trigger
protocol-1.1,ablation,ulysses22.tsp,22,GEO,small,MSA-nonadaptive-3opt,hybrid_v4_2,2,20360903,7a1b9435f1a6bbf1,7013,7013,0,7564,11551,7322770,7800,3751,0,3750,450,144066,528,150,1082064,47,1226130,51,0.00117259999387898,0.850284100000863,4.49329669999861,2.96141719997104,5.3449427999949,47,entropy_trigger
protocol-1.1,ablation,ulysses22.tsp,22,GEO,small,MSA-nonadaptive-3opt,hybrid_v4_2,3,20360904,7a1b9435f1a6bbf1,7013,7013,0,7083,7951,7248172,4200,3751,0,3750,450,172593,766,150,1063813,33,1236406,27,0.00117360000149347,0.403234499994142,4.3580432000017,2.86336969998229,4.76263430000108,56,entropy_trigger
protocol-1.1,ablation,ulysses22.tsp,22,GEO,small,MSA-nonadaptive-3opt,hybrid_v4_2,4,20360905,7a1b9435f1a6bbf1,7013,7013,0,7197,8551,7294164,4800,3751,0,3750,450,170222,742,150,1070859,65,1241081,31,0.00132759999542031,0.532793500002299,4.39908999999898,2.90040829995996,4.93339720000222,52,entropy_trigger
protocol-1.1,ablation,ulysses22.tsp,22,GEO,small,MSA-nonadaptive-3opt,hybrid_v4_2,5,20360906,7a1b9435f1a6bbf1,7013,7013,0,7156,9151,7272854,5400,3751,0,3750,450,144256,490,150,1082418,38,1226674,35,0.00212820000160718,0.571155999998155,4.39890320000268,2.92470140005753,4.97241380000196,52,entropy_trigger
protocol-1.1,ablation,ulysses22.tsp,22,GEO,small,MSA-nonadaptive-3opt,hybrid_v4_2,6,20360907,7a1b9435f1a6bbf1,7013,7013,0,7259,9451,8172154,5700,3751,0,3750,450,223737,1291,150,1178214,138,1401951,37,0.00195520000124816,0.674550000003364,5.38090699999884,3.68030489994999,6.05761200000416,51,entropy_trigger
protocol-1.1,ablation,ulysses22.tsp,22,GEO,small,MSA-nonadaptive-3opt,hybrid_v4_2,7,20360908,7a1b9435f1a6bbf1,7013,7013,0,7572,12001,8433300,8250,3751,0,3750,450,219041,1267,150,1215519,158,1434560,54,0.00136529999872437,1.04082639999979,5.26893619999464,3.63467399999354,6.31130680000206,54,entropy_trigger
protocol-1.1,ablation,ulysses22.tsp,22,GEO,small,MSA-nonadaptive-3opt,hybrid_v4_2,8,20360909,7a1b9435f1a6bbf1,7013,7013,0,7909,6901,7137042,3150,3751,0,3750,450,148271,583,150,1065356,38,1213627,20,0.00145269999484299,0.37178750000021,4.69600890000584,3.09138669995446,5.0694508000015,52,entropy_trigger
protocol-1.1,ablation,ulysses22.tsp,22,GEO,small,MSA-nonadaptive-3opt,hybrid_v4_2,9,20360910,7a1b9435f1a6bbf1,7013,7013,0,7181,10951,7767116,7200,3751,0,3750,450,199663,983,150,1121257,99,1320920,47,0.00133880000066711,0.920882600003097,5.11590440000145,3.45625989993277,6.03830500000186,51,entropy_trigger
protocol-1.1,ablation,ulysses22.tsp,22,GEO,small,MSA-nonadaptive-3opt,hybrid_v4_2,10,20360911,7a1b9435f1a6bbf1,7013,7013,0,7211,11701,8013684,7950,3751,0,3750,450,202727,1102,150,1157559,164,1360286,52,0.0013122000018484,0.903180100001919,5.45649810000032,3.7005635000387,6.36116729999776,55,entropy_trigger
protocol-1.1,ablation,ulysses22.tsp,22,GEO,small,MSA-nonadaptive-3opt,hybrid_v4_2,11,20360912,7a1b9435f1a6bbf1,7013,7013,0,7432,12751,7264428,9000,3751,0,3750,450,144329,531,150,1067765,48,1212094,59,0.00224499999603722,1.2047573000018,5.12994619999517,3.41404560000956,6.3373197999972,51,entropy_trigger
protocol-1.1,ablation,ulysses22.tsp,22,GEO,small,MSA-nonadaptive-3opt,hybrid_v4_2,12,20360913,7a1b9435f1a6bbf1,7013,7013,0,7083,7201,8229234,3450,3751,0,3750,450,186686,982,150,1220678,140,1407364,22,0.00166339999850607,0.360121899997466,5.69514530000015,3.90302590000647,6.05710199999885,52,entropy_trigger
protocol-1.1,ablation,ulysses22.tsp,22,GEO,small,MSA-nonadaptive-3opt,hybrid_v4_2,13,20360914,7a1b9435f1a6bbf1,7013,7013,0,7811,8401,8044866,4650,3751,0,3750,450,218771,1269,150,1164160,128,1382931,30,0.00247579999995651,0.612436700001126,5.42409069999849,3.76279410000279,6.03925109999545,52,entropy_trigger
protocol-1.1,ablation,ulysses22.tsp,22,GEO,small,MSA-nonadaptive-3opt,hybrid_v4_2,14,20360915,7a1b9435f1a6bbf1,7013,7013,0,7146,12001,8224462,8250,3751,0,3750,450,199584,1120,150,1193684,127,1393268,54,0.00132289999601198,1.03335320000042,5.45470560000103,3.76058299998112,6.48955479999859,54,entropy_trigger
protocol-1.1,ablation,ulysses22.tsp,22,GEO,small,MSA-nonadaptive-3opt,hybrid_v4_2,15,20360916,7a1b9435f1a6bbf1,7013,7013,0,7083,7651,8301292,3900,3751,0,3750,450,220644,1206,150,1208399,198,1429043,25,0.00133950000599725,0.492619500000728,5.98344479999651,4.15004659994884,6.47757769999589,52,entropy_trigger
