instance,algorithm,run,seed,seed_status,best_length,bks,deviation_percent,archived_best_length,elapsed_seconds,segment,engine_mode,three_opt_max_iterations,record_provenance,correction_note
burma14.tsp,ACS,1,20262111,reconstructed_from_original_experiment_scripts,3371.0,3323.0,1.4444778814324404,3371.0,0.33,small,acs_end_seq,20.0,archived_run_record,
burma14.tsp,ACS,2,20262112,reconstructed_from_original_experiment_scripts,3336.0,3323.0,0.39121275955461937,3336.0,0.34,small,acs_end_seq,20.0,archived_run_record,
burma14.tsp,ACS,3,20262113,reconstructed_from_original_experiment_scripts,3336.0,3323.0,0.39121275955461937,3336.0,0.32,small,acs_end_seq,20.0,archived_run_record,
burma14.tsp,ACS,4,20262114,reconstructed_from_original_experiment_scripts,3336.0,3323.0,0.39121275955461937,3336.0,0.33,small,acs_end_seq,20.0,archived_run_record,
burma14.tsp,ACS,5,20262115,reconstructed_from_original_experiment_scripts,3336.0,3323.0,0.39121275955461937,3336.0,0.32,small,acs_end_seq,20.0,archived_run_record,
burma14.tsp,ACS,6,20262116,reconstructed_from_original_experiment_scripts,3336.0,3323.0,0.39121275955461937,3336.0,0.40,small,acs_end_seq,20.0,archived_run_record,
burma14.tsp,ACS,7,20262117,reconstructed_from_original_experiment_scripts,3336.0,3323.0,0.39121275955461937,3336.0,0.33,small,acs_end_seq,20.0,archived_run_record,
burma14.tsp,ACS,8,20262118,reconstructed_from_original_experiment_scripts,3336.0,3323.0,0.39121275955461937,3336.0,0.39,small,acs_end_seq,20.0,archived_run_record,
burma14.tsp,ACS,9,20262119,reconstructed_from_original_experiment_scripts,3336.0,3323.0,0.39121275955461937,3336.0,0.37,small,acs_end_seq,20.0,archived_run_record,
burma14.tsp,ACS,10,20262120,reconstructed_from_original_experiment_scripts,3336.0,3323.0,0.39121275955461937,3336.0,0.39,small,acs_end_seq,20.0,archived_run_record,
burma14.tsp,MMAS,1,20263111,reconstructed_from_original_experiment_scripts,3336.0,3323.0,0.39121275955461937,3336.0,0.38,small,mmas,20.0,archived_run_record,
burma14.tsp,MMAS,2,20263112,reconstructed_from_original_experiment_scripts,3336.0,3323.0,0.39121275955461937,3336.0,0.39,small,mmas,20.0,archived_run_record,
burma14.tsp,MMAS,3,20263113,reconstructed_from_original_experiment_scripts,3336.0,3323.0,0.39121275955461937,3336.0,0.37,small,mmas,20.0,archived_run_record,
burma14.tsp,MMAS,4,20263114,reconstructed_from_original_experiment_scripts,3336.0,3323.0,0.39121275955461937,3336.0,0.32,small,mmas,20.0,archived_run_record,
burma14.tsp,MMAS,5,20263115,reconstructed_from_original_experiment_scripts,3336.0,3323.0,0.39121275955461937,3336.0,0.38,small,mmas,20.0,archived_run_record,
burma14.tsp,MMAS,6,20263116,reconstructed_from_original_experiment_scripts,3336.0,3323.0,0.39121275955461937,3336.0,0.34,small,mmas,20.0,archived_run_record,
burma14.tsp,MMAS,7,20263117,reconstructed_from_original_experiment_scripts,3336.0,3323.0,0.39121275955461937,3336.0,0.34,small,mmas,20.0,archived_run_record,
burma14.tsp,MMAS,8,20263118,reconstructed_from_original_experiment_scripts,3336.0,3323.0,0.39121275955461937,3336.0,0.28,small,mmas,20.0,archived_run_record,
burma14.tsp,MMAS,9,20263119,reconstructed_from_original_experiment_scripts,3336.0,3323.0,0.39121275955461937,3336.0,0.27,small,mmas,20.0,archived_run_record,
burma14.tsp,MMAS,10,20263120,reconstructed_from_original_experiment_scripts,3336.0,3323.0,0.39121275955461937,3336.0,0.27,small,mmas,20.0,archived_run_record,
burma14.tsp,MSA-ACO,1,20252110,reconstructed_from_original_experiment_scripts,3323.0,3323.0,0.0,3323.0,,small,hybrid_v4_2,,archived_run_record,
burma14.tsp,MSA-ACO,2,20252111,reconstructed_from_original_experiment_scripts,3323.0,3323.0,0.0,3323.0,,small,hybrid_v4_2,,archived_run_record,
burma14.tsp,MSA-ACO,3,20252112,reconstructed_from_original_experiment_scripts,3323.0,3323.0,0.0,3323.0,,small,hybrid_v4_2,,archived_run_record,
burma14.tsp,MSA-ACO,4,20252113,reconstructed_from_original_experiment_scripts,3323.0,3323.0,0.0,3323.0,,small,hybrid_v4_2,,archived_run_record,
burma14.tsp,MSA-ACO,5,20252114,reconstructed_from_original_experiment_scripts,3323.0,3323.0,0.0,3323.0,,small,hybrid_v4_2,,archived_run_record,
burma14.tsp,MSA-ACO,6,20252115,reconstructed_from_original_experiment_scripts,3323.0,3323.0,0.0,3323.0,,small,hybrid_v4_2,,archived_run_record,
burma14.tsp,MSA-ACO,7,20252116,reconstructed_from_original_experiment_scripts,3323.0,3323.0,0.0,3323.0,,small,hybrid_v4_2,,archived_run_record,
burma14.tsp,MSA-ACO,8,20252117,reconstructed_from_original_experiment_scripts,3323.0,3323.0,0.0,3323.0,,small,hybrid_v4_2,,archived_run_record,
burma14.tsp,MSA-ACO,9,20252118,reconstructed_from_original_experiment_scripts,3323.0,3323.0,0.0,3323.0,,small,hybrid_v4_2,,archived_run_record,
burma14.tsp,MSA-ACO,10,20252119,reconstructed_from_original_experiment_scripts,3323.0,3323.0,0.0,3323.0,,small,hybrid_v4_2,,archived_run_record,
ulysses22.tsp,ACS,1,20272111,reconstructed_from_original_experiment_scripts,7115.0,7013.0,1.4544417510337944,7115.0,0.74,small,acs_end_seq,20.0,archived_run_record,
ulysses22.tsp,ACS,2,20272112,reconstructed_from_original_experiment_scripts,7087.0,7013.0,1.0551832311421645,7087.0,0.73,small,acs_end_seq,20.0,archived_run_record,
ulysses22.tsp,ACS,3,20272113,reconstructed_from_original_experiment_scripts,7083.0,7013.0,0.9981462997290746,7083.0,0.65,small,acs_end_seq,20.0,archived_run_record,
ulysses22.tsp,ACS,4,20272114,reconstructed_from_original_experiment_scripts,7213.0,7013.0,2.851846570654499,7213.0,0.59,small,acs_end_seq,20.0,archived_run_record,
ulysses22.tsp,ACS,5,20272115,reconstructed_from_original_experiment_scripts,7115.0,7013.0,1.4544417510337944,7115.0,0.71,small,acs_end_seq,20.0,archived_run_record,
ulysses22.tsp,ACS,6,20272116,reconstructed_from_original_experiment_scripts,7083.0,7013.0,0.9981462997290746,7083.0,0.61,small,acs_end_seq,20.0,archived_run_record,
ulysses22.tsp,ACS,7,20272117,reconstructed_from_original_experiment_scripts,7045.0,7013.0,0.45629545130471977,7045.0,0.71,small,acs_end_seq,20.0,archived_run_record,
ulysses22.tsp,ACS,8,20272118,reconstructed_from_original_experiment_scripts,7087.0,7013.0,1.0551832311421645,7087.0,0.63,small,acs_end_seq,20.0,archived_run_record,
ulysses22.tsp,ACS,9,20272119,reconstructed_from_original_experiment_scripts,7083.0,7013.0,0.9981462997290746,7083.0,0.63,small,acs_end_seq,20.0,archived_run_record,
ulysses22.tsp,ACS,10,20272120,reconstructed_from_original_experiment_scripts,7087.0,7013.0,1.0551832311421645,7087.0,0.60,small,acs_end_seq,20.0,archived_run_record,
ulysses22.tsp,MMAS,1,20273111,reconstructed_from_original_experiment_scripts,7083.0,7013.0,0.9981462997290746,7083.0,0.61,small,mmas,20.0,archived_run_record,
ulysses22.tsp,MMAS,2,20273112,reconstructed_from_original_experiment_scripts,7013.0,7013.0,0.0,7013.0,0.62,small,mmas,20.0,archived_run_record,
ulysses22.tsp,MMAS,3,20273113,reconstructed_from_original_experiment_scripts,7087.0,7013.0,1.0551832311421645,7087.0,0.71,small,mmas,20.0,archived_run_record,
ulysses22.tsp,MMAS,4,20273114,reconstructed_from_original_experiment_scripts,7019.0,7013.0,0.08555539711963497,7019.0,0.71,small,mmas,20.0,archived_run_record,
ulysses22.tsp,MMAS,5,20273115,reconstructed_from_original_experiment_scripts,7083.0,7013.0,0.9981462997290746,7083.0,0.69,small,mmas,20.0,archived_run_record,
ulysses22.tsp,MMAS,6,20273116,reconstructed_from_original_experiment_scripts,7019.0,7013.0,0.08555539711963497,7019.0,0.69,small,mmas,20.0,archived_run_record,
ulysses22.tsp,MMAS,7,20273117,reconstructed_from_original_experiment_scripts,7092.0,7013.0,1.126479395408527,7092.0,0.69,small,mmas,20.0,archived_run_record,
ulysses22.tsp,MMAS,8,20273118,reconstructed_from_original_experiment_scripts,7083.0,7013.0,0.9981462997290746,7083.0,0.68,small,mmas,20.0,archived_run_record,
ulysses22.tsp,MMAS,9,20273119,reconstructed_from_original_experiment_scripts,7126.0,7013.0,1.611293312419792,7126.0,0.67,small,mmas,20.0,archived_run_record,
ulysses22.tsp,MMAS,10,20273120,reconstructed_from_original_experiment_scripts,7126.0,7013.0,1.611293312419792,7126.0,0.39,small,mmas,20.0,archived_run_record,
ulysses22.tsp,MSA-ACO,1,20253110,reconstructed_from_original_experiment_scripts,7013.0,7013.0,0.0,7013.0,,small,hybrid_v4_2,,archived_run_record,
ulysses22.tsp,MSA-ACO,2,20253111,reconstructed_from_original_experiment_scripts,7013.0,7013.0,0.0,7013.0,,small,hybrid_v4_2,,archived_run_record,
ulysses22.tsp,MSA-ACO,3,20253112,reconstructed_from_original_experiment_scripts,7013.0,7013.0,0.0,7013.0,,small,hybrid_v4_2,,archived_run_record,
ulysses22.tsp,MSA-ACO,4,20253113,reconstructed_from_original_experiment_scripts,7013.0,7013.0,0.0,7013.0,,small,hybrid_v4_2,,archived_run_record,
ulysses22.tsp,MSA-ACO,5,20253114,reconstructed_from_original_experiment_scripts,7013.0,7013.0,0.0,7013.0,,small,hybrid_v4_2,,archived_run_record,
ulysses22.tsp,MSA-ACO,6,20253115,reconstructed_from_original_experiment_scripts,7013.0,7013.0,0.0,7013.0,,small,hybrid_v4_2,,archived_run_record,
ulysses22.tsp,MSA-ACO,7,20253116,reconstructed_from_original_experiment_scripts,7013.0,7013.0,0.0,7013.0,,small,hybrid_v4_2,,archived_run_record,
ulysses22.tsp,MSA-ACO,8,20253117,reconstructed_from_original_experiment_scripts,7013.0,7013.0,0.0,7013.0,,small,hybrid_v4_2,,archived_run_record,
ulysses22.tsp,MSA-ACO,9,20253118,reconstructed_from_original_experiment_scripts,7013.0,7013.0,0.0,7013.0,,small,hybrid_v4_2,,archived_run_record,
ulysses22.tsp,MSA-ACO,10,20253119,reconstructed_from_original_experiment_scripts,7013.0,7013.0,0.0,7013.0,,small,hybrid_v4_2,,archived_run_record,
bayg29.tsp,ACS,1,20282111,reconstructed_from_original_experiment_scripts,1636.0,1610.0,1.6149068322981366,1636.0,0.97,small,acs_end_seq,20.0,archived_run_record,
bayg29.tsp,ACS,2,20282112,reconstructed_from_original_experiment_scripts,1654.0,1610.0,2.732919254658385,1654.0,1.07,small,acs_end_seq,20.0,archived_run_record,
bayg29.tsp,ACS,3,20282113,reconstructed_from_original_experiment_scripts,1653.0,1610.0,2.670807453416149,1653.0,0.93,small,acs_end_seq,20.0,archived_run_record,
bayg29.tsp,ACS,4,20282114,reconstructed_from_original_experiment_scripts,1646.0,1610.0,2.236024844720497,1646.0,0.84,small,acs_end_seq,20.0,archived_run_record,
bayg29.tsp,ACS,5,20282115,reconstructed_from_original_experiment_scripts,1667.0,1610.0,3.540372670807453,1667.0,0.88,small,acs_end_seq,20.0,archived_run_record,
bayg29.tsp,ACS,6,20282116,reconstructed_from_original_experiment_scripts,1649.0,1610.0,2.422360248447205,1649.0,0.91,small,acs_end_seq,20.0,archived_run_record,
bayg29.tsp,ACS,7,20282117,reconstructed_from_original_experiment_scripts,1661.0,1610.0,3.1677018633540373,1661.0,0.92,small,acs_end_seq,20.0,archived_run_record,
bayg29.tsp,ACS,8,20282118,reconstructed_from_original_experiment_scripts,1634.0,1610.0,1.4906832298136645,1634.0,0.93,small,acs_end_seq,20.0,archived_run_record,
bayg29.tsp,ACS,9,20282119,reconstructed_from_original_experiment_scripts,1649.0,1610.0,2.422360248447205,1649.0,0.93,small,acs_end_seq,20.0,archived_run_record,
bayg29.tsp,ACS,10,20282120,reconstructed_from_original_experiment_scripts,1647.0,1610.0,2.298136645962733,1647.0,1.03,small,acs_end_seq,20.0,archived_run_record,
bayg29.tsp,MMAS,1,20283111,reconstructed_from_original_experiment_scripts,1733.0,1610.0,7.639751552795031,1733.0,1.03,small,mmas,20.0,archived_run_record,
bayg29.tsp,MMAS,2,20283112,reconstructed_from_original_experiment_scripts,1711.0,1610.0,6.273291925465839,1711.0,1.02,small,mmas,20.0,archived_run_record,
bayg29.tsp,MMAS,3,20283113,reconstructed_from_original_experiment_scripts,1726.0,1610.0,7.204968944099378,1726.0,0.99,small,mmas,20.0,archived_run_record,
bayg29.tsp,MMAS,4,20283114,reconstructed_from_original_experiment_scripts,1670.0,1610.0,3.7267080745341614,1670.0,1.01,small,mmas,20.0,archived_run_record,
bayg29.tsp,MMAS,5,20283115,reconstructed_from_original_experiment_scripts,1701.0,1610.0,5.6521739130434785,1701.0,1.01,small,mmas,20.0,archived_run_record,
bayg29.tsp,MMAS,6,20283116,reconstructed_from_original_experiment_scripts,1693.0,1610.0,5.15527950310559,1693.0,1.00,small,mmas,20.0,archived_run_record,
bayg29.tsp,MMAS,7,20283117,reconstructed_from_original_experiment_scripts,1708.0,1610.0,6.086956521739131,1708.0,1.00,small,mmas,20.0,archived_run_record,
bayg29.tsp,MMAS,8,20283118,reconstructed_from_original_experiment_scripts,1711.0,1610.0,6.273291925465839,1711.0,1.01,small,mmas,20.0,archived_run_record,
bayg29.tsp,MMAS,9,20283119,reconstructed_from_original_experiment_scripts,1693.0,1610.0,5.15527950310559,1693.0,0.99,small,mmas,20.0,archived_run_record,
bayg29.tsp,MMAS,10,20283120,reconstructed_from_original_experiment_scripts,1695.0,1610.0,5.279503105590062,1695.0,0.58,small,mmas,20.0,archived_run_record,
bayg29.tsp,MSA-ACO,1,20254110,reconstructed_from_original_experiment_scripts,1610.0,1610.0,0.0,1610.0,,small,hybrid_v4_2,,archived_run_record,
bayg29.tsp,MSA-ACO,2,20254111,reconstructed_from_original_experiment_scripts,1610.0,1610.0,0.0,1610.0,,small,hybrid_v4_2,,archived_run_record,
bayg29.tsp,MSA-ACO,3,20254112,reconstructed_from_original_experiment_scripts,1610.0,1610.0,0.0,1610.0,,small,hybrid_v4_2,,archived_run_record,
bayg29.tsp,MSA-ACO,4,20254113,reconstructed_from_original_experiment_scripts,1610.0,1610.0,0.0,1610.0,,small,hybrid_v4_2,,archived_run_record,
bayg29.tsp,MSA-ACO,5,20254114,reconstructed_from_original_experiment_scripts,1610.0,1610.0,0.0,1610.0,,small,hybrid_v4_2,,archived_run_record,
bayg29.tsp,MSA-ACO,6,20254115,reconstructed_from_original_experiment_scripts,1610.0,1610.0,0.0,1610.0,,small,hybrid_v4_2,,archived_run_record,
bayg29.tsp,MSA-ACO,7,20254116,reconstructed_from_original_experiment_scripts,1610.0,1610.0,0.0,1610.0,,small,hybrid_v4_2,,archived_run_record,
bayg29.tsp,MSA-ACO,8,20254117,reconstructed_from_original_experiment_scripts,1610.0,1610.0,0.0,1610.0,,small,hybrid_v4_2,,archived_run_record,
bayg29.tsp,MSA-ACO,9,20254118,reconstructed_from_original_experiment_scripts,1610.0,1610.0,0.0,1610.0,,small,hybrid_v4_2,,archived_run_record,
bayg29.tsp,MSA-ACO,10,20254119,reconstructed_from_original_experiment_scripts,1610.0,1610.0,0.0,1610.0,,small,hybrid_v4_2,,archived_run_record,
swiss42.tsp,ACS,1,20292111,reconstructed_from_original_experiment_scripts,1285.0,1273.0,0.9426551453260016,1285.0,2.08,small,acs_end_seq,20.0,archived_run_record,
swiss42.tsp,ACS,2,20292112,reconstructed_from_original_experiment_scripts,1285.0,1273.0,0.9426551453260016,1285.0,1.66,small,acs_end_seq,20.0,archived_run_record,
swiss42.tsp,ACS,3,20292113,reconstructed_from_original_experiment_scripts,1273.0,1273.0,0.0,1273.0,1.76,small,acs_end_seq,20.0,archived_run_record,
swiss42.tsp,ACS,4,20292114,reconstructed_from_original_experiment_scripts,1285.0,1273.0,0.9426551453260016,1285.0,1.70,small,acs_end_seq,20.0,archived_run_record,
swiss42.tsp,ACS,5,20292115,reconstructed_from_original_experiment_scripts,1286.0,1273.0,1.021209740769835,1286.0,1.79,small,acs_end_seq,20.0,archived_run_record,
swiss42.tsp,ACS,6,20292116,reconstructed_from_original_experiment_scripts,1312.0,1273.0,3.063629222309505,1312.0,1.86,small,acs_end_seq,20.0,archived_run_record,
swiss42.tsp,ACS,7,20292117,reconstructed_from_original_experiment_scripts,1291.0,1273.0,1.4139827179890023,1291.0,1.81,small,acs_end_seq,20.0,archived_run_record,
swiss42.tsp,ACS,8,20292118,reconstructed_from_original_experiment_scripts,1322.0,1273.0,3.8491751767478397,1322.0,1.80,small,acs_end_seq,20.0,archived_run_record,
swiss42.tsp,ACS,9,20292119,reconstructed_from_original_experiment_scripts,1297.0,1273.0,1.8853102906520032,1297.0,2.03,small,acs_end_seq,20.0,archived_run_record,
swiss42.tsp,ACS,10,20292120,reconstructed_from_original_experiment_scripts,1285.0,1273.0,0.9426551453260016,1285.0,1.80,small,acs_end_seq,20.0,archived_run_record,
swiss42.tsp,MMAS,1,20293111,reconstructed_from_original_experiment_scripts,1309.0,1273.0,2.8279654359780046,1309.0,2.00,small,mmas,20.0,archived_run_record,
swiss42.tsp,MMAS,2,20293112,reconstructed_from_original_experiment_scripts,1293.0,1273.0,1.5710919088766693,1293.0,1.98,small,mmas,20.0,archived_run_record,
swiss42.tsp,MMAS,3,20293113,reconstructed_from_original_experiment_scripts,1293.0,1273.0,1.5710919088766693,1293.0,2.00,small,mmas,20.0,archived_run_record,
swiss42.tsp,MMAS,4,20293114,reconstructed_from_original_experiment_scripts,1294.0,1273.0,1.6496465043205029,1294.0,1.97,small,mmas,20.0,archived_run_record,
swiss42.tsp,MMAS,5,20293115,reconstructed_from_original_experiment_scripts,1303.0,1273.0,2.356637863315004,1303.0,2.00,small,mmas,20.0,archived_run_record,
swiss42.tsp,MMAS,6,20293116,reconstructed_from_original_experiment_scripts,1306.0,1273.0,2.592301649646504,1306.0,1.99,small,mmas,20.0,archived_run_record,
swiss42.tsp,MMAS,7,20293117,reconstructed_from_original_experiment_scripts,1299.0,1273.0,2.04241948153967,1299.0,1.96,small,mmas,20.0,archived_run_record,
swiss42.tsp,MMAS,8,20293118,reconstructed_from_original_experiment_scripts,1306.0,1273.0,2.592301649646504,1306.0,1.93,small,mmas,20.0,archived_run_record,
swiss42.tsp,MMAS,9,20293119,reconstructed_from_original_experiment_scripts,1309.0,1273.0,2.8279654359780046,1309.0,1.99,small,mmas,20.0,archived_run_record,
swiss42.tsp,MMAS,10,20293120,reconstructed_from_original_experiment_scripts,1293.0,1273.0,1.5710919088766693,1293.0,1.10,small,mmas,20.0,archived_run_record,
swiss42.tsp,MSA-ACO,1,20255110,reconstructed_from_original_experiment_scripts,1273.0,1273.0,0.0,1273.0,,small,hybrid_v4_2,,archived_run_record,
swiss42.tsp,MSA-ACO,2,20255111,reconstructed_from_original_experiment_scripts,1273.0,1273.0,0.0,1273.0,,small,hybrid_v4_2,,archived_run_record,
swiss42.tsp,MSA-ACO,3,20255112,reconstructed_from_original_experiment_scripts,1273.0,1273.0,0.0,1273.0,,small,hybrid_v4_2,,archived_run_record,
swiss42.tsp,MSA-ACO,4,20255113,reconstructed_from_original_experiment_scripts,1273.0,1273.0,0.0,1273.0,,small,hybrid_v4_2,,archived_run_record,
swiss42.tsp,MSA-ACO,5,20255114,reconstructed_from_original_experiment_scripts,1273.0,1273.0,0.0,1273.0,,small,hybrid_v4_2,,archived_run_record,
swiss42.tsp,MSA-ACO,6,20255115,reconstructed_from_original_experiment_scripts,1273.0,1273.0,0.0,1273.0,,small,hybrid_v4_2,,archived_run_record,
swiss42.tsp,MSA-ACO,7,20255116,reconstructed_from_original_experiment_scripts,1273.0,1273.0,0.0,1273.0,,small,hybrid_v4_2,,archived_run_record,
swiss42.tsp,MSA-ACO,8,20255117,reconstructed_from_original_experiment_scripts,1273.0,1273.0,0.0,1273.0,,small,hybrid_v4_2,,archived_run_record,
swiss42.tsp,MSA-ACO,9,20255118,reconstructed_from_original_experiment_scripts,1273.0,1273.0,0.0,1273.0,,small,hybrid_v4_2,,archived_run_record,
swiss42.tsp,MSA-ACO,10,20255119,reconstructed_from_original_experiment_scripts,1273.0,1273.0,0.0,1273.0,,small,hybrid_v4_2,,archived_run_record,
att48.tsp,ACS,1,20302111,reconstructed_from_original_experiment_scripts,34569.0,33522.0,3.123321997494183,34569.0,1.84,small,acs_end_seq,20.0,archived_run_record,
att48.tsp,ACS,2,20302112,reconstructed_from_original_experiment_scripts,33842.0,33522.0,0.9545969810870473,33842.0,1.94,small,acs_end_seq,20.0,archived_run_record,
att48.tsp,ACS,3,20302113,reconstructed_from_original_experiment_scripts,33767.0,33522.0,0.7308633136447705,33767.0,1.95,small,acs_end_seq,20.0,archived_run_record,
att48.tsp,ACS,4,20302114,reconstructed_from_original_experiment_scripts,34164.0,33522.0,1.9151601933058888,34164.0,1.94,small,acs_end_seq,20.0,archived_run_record,
att48.tsp,ACS,5,20302115,reconstructed_from_original_experiment_scripts,33951.0,33522.0,1.2797565777698228,33951.0,1.99,small,acs_end_seq,20.0,archived_run_record,
att48.tsp,ACS,6,20302116,reconstructed_from_original_experiment_scripts,33599.0,33522.0,0.22969989857407075,33599.0,1.95,small,acs_end_seq,20.0,archived_run_record,
att48.tsp,ACS,7,20302117,reconstructed_from_original_experiment_scripts,34121.0,33522.0,1.7868862239723167,34121.0,1.97,small,acs_end_seq,20.0,archived_run_record,
att48.tsp,ACS,8,20302118,reconstructed_from_original_experiment_scripts,34009.0,33522.0,1.4527772805918502,34009.0,1.87,small,acs_end_seq,20.0,archived_run_record,
att48.tsp,ACS,9,20302119,reconstructed_from_original_experiment_scripts,33904.0,33522.0,1.1395501461726627,33904.0,2.17,small,acs_end_seq,20.0,archived_run_record,
att48.tsp,ACS,10,20302120,reconstructed_from_original_experiment_scripts,33851.0,33522.0,0.9814450211801206,33851.0,2.19,small,acs_end_seq,20.0,archived_run_record,
att48.tsp,MMAS,1,20303111,reconstructed_from_original_experiment_scripts,36280.0,33522.0,8.227432730743988,36280.0,2.25,small,mmas,20.0,archived_run_record,
att48.tsp,MMAS,2,20303112,reconstructed_from_original_experiment_scripts,35734.0,33522.0,6.5986516317642145,35734.0,2.48,small,mmas,20.0,archived_run_record,
att48.tsp,MMAS,3,20303113,reconstructed_from_original_experiment_scripts,36545.0,33522.0,9.0179583557067,36545.0,2.40,small,mmas,20.0,archived_run_record,
att48.tsp,MMAS,4,20303114,reconstructed_from_original_experiment_scripts,35810.0,33522.0,6.825368414772388,35810.0,2.64,small,mmas,20.0,archived_run_record,
att48.tsp,MMAS,5,20303115,reconstructed_from_original_experiment_scripts,35257.0,33522.0,5.175705506831334,35257.0,2.35,small,mmas,20.0,archived_run_record,
att48.tsp,MMAS,6,20303116,reconstructed_from_original_experiment_scripts,35475.0,33522.0,5.826024700196886,35475.0,2.61,small,mmas,20.0,archived_run_record,
att48.tsp,MMAS,7,20303117,reconstructed_from_original_experiment_scripts,35195.0,33522.0,4.9907523417457185,35195.0,2.60,small,mmas,20.0,archived_run_record,
att48.tsp,MMAS,8,20303118,reconstructed_from_original_experiment_scripts,35432.0,33522.0,5.697750730863314,35432.0,2.44,small,mmas,20.0,archived_run_record,
att48.tsp,MMAS,9,20303119,reconstructed_from_original_experiment_scripts,35785.0,33522.0,6.7507905256249625,35785.0,2.56,small,mmas,20.0,archived_run_record,
att48.tsp,MMAS,10,20303120,reconstructed_from_original_experiment_scripts,35955.0,33522.0,7.257920171827456,35955.0,1.48,small,mmas,20.0,archived_run_record,
att48.tsp,MSA-ACO,1,20256110,reconstructed_from_original_experiment_scripts,33522.0,33522.0,0.0,33522.0,,small,hybrid_v4_2,,archived_run_record,
att48.tsp,MSA-ACO,2,20256111,reconstructed_from_original_experiment_scripts,33522.0,33522.0,0.0,33522.0,,small,hybrid_v4_2,,archived_run_record,
att48.tsp,MSA-ACO,3,20256112,reconstructed_from_original_experiment_scripts,33522.0,33522.0,0.0,33522.0,,small,hybrid_v4_2,,archived_run_record,
att48.tsp,MSA-ACO,4,20256113,reconstructed_from_original_experiment_scripts,33522.0,33522.0,0.0,33522.0,,small,hybrid_v4_2,,archived_run_record,
att48.tsp,MSA-ACO,5,20256114,reconstructed_from_original_experiment_scripts,33522.0,33522.0,0.0,33522.0,,small,hybrid_v4_2,,archived_run_record,
att48.tsp,MSA-ACO,6,20256115,reconstructed_from_original_experiment_scripts,33522.0,33522.0,0.0,33522.0,,small,hybrid_v4_2,,archived_run_record,
att48.tsp,MSA-ACO,7,20256116,reconstructed_from_original_experiment_scripts,33522.0,33522.0,0.0,33522.0,,small,hybrid_v4_2,,archived_run_record,
att48.tsp,MSA-ACO,8,20256117,reconstructed_from_original_experiment_scripts,33522.0,33522.0,0.0,33522.0,,small,hybrid_v4_2,,archived_run_record,
att48.tsp,MSA-ACO,9,20256118,reconstructed_from_original_experiment_scripts,33522.0,33522.0,0.0,33522.0,,small,hybrid_v4_2,,archived_run_record,
att48.tsp,MSA-ACO,10,20256119,reconstructed_from_original_experiment_scripts,33522.0,33522.0,0.0,33522.0,,small,hybrid_v4_2,,archived_run_record,
eil51.tsp,ACS,1,20312111,reconstructed_from_original_experiment_scripts,441.0,426.0,3.5211267605633805,441.0,2.21,small,acs_end_seq,20.0,archived_run_record,
eil51.tsp,ACS,2,20312112,reconstructed_from_original_experiment_scripts,444.0,426.0,4.225352112676056,444.0,2.21,small,acs_end_seq,20.0,archived_run_record,
eil51.tsp,ACS,3,20312113,reconstructed_from_original_experiment_scripts,445.0,426.0,4.460093896713615,445.0,2.26,small,acs_end_seq,20.0,archived_run_record,
eil51.tsp,ACS,4,20312114,reconstructed_from_original_experiment_scripts,439.0,426.0,3.051643192488263,439.0,2.09,small,acs_end_seq,20.0,archived_run_record,
eil51.tsp,ACS,5,20312115,reconstructed_from_original_experiment_scripts,428.0,426.0,0.4694835680751174,428.0,2.13,small,acs_end_seq,20.0,archived_run_record,
eil51.tsp,ACS,6,20312116,reconstructed_from_original_experiment_scripts,436.0,426.0,2.3474178403755865,436.0,2.28,small,acs_end_seq,20.0,archived_run_record,
eil51.tsp,ACS,7,20312117,reconstructed_from_original_experiment_scripts,431.0,426.0,1.1737089201877933,431.0,2.22,small,acs_end_seq,20.0,archived_run_record,
eil51.tsp,ACS,8,20312118,reconstructed_from_original_experiment_scripts,432.0,426.0,1.4084507042253522,432.0,2.23,small,acs_end_seq,20.0,archived_run_record,
eil51.tsp,ACS,9,20312119,reconstructed_from_original_experiment_scripts,437.0,426.0,2.5821596244131455,437.0,2.51,small,acs_end_seq,20.0,archived_run_record,
eil51.tsp,ACS,10,20312120,reconstructed_from_original_experiment_scripts,435.0,426.0,2.112676056338028,435.0,2.47,small,acs_end_seq,20.0,archived_run_record,
eil51.tsp,MMAS,1,20313111,reconstructed_from_original_experiment_scripts,445.0,426.0,4.460093896713615,445.0,2.64,small,mmas,20.0,archived_run_record,
eil51.tsp,MMAS,2,20313112,reconstructed_from_original_experiment_scripts,449.0,426.0,5.39906103286385,449.0,3.11,small,mmas,20.0,archived_run_record,
eil51.tsp,MMAS,3,20313113,reconstructed_from_original_experiment_scripts,447.0,426.0,4.929577464788732,447.0,2.96,small,mmas,20.0,archived_run_record,
eil51.tsp,MMAS,4,20313114,reconstructed_from_original_experiment_scripts,440.0,426.0,3.286384976525822,440.0,3.00,small,mmas,20.0,archived_run_record,
eil51.tsp,MMAS,5,20313115,reconstructed_from_original_experiment_scripts,444.0,426.0,4.225352112676056,444.0,3.06,small,mmas,20.0,archived_run_record,
eil51.tsp,MMAS,6,20313116,reconstructed_from_original_experiment_scripts,438.0,426.0,2.8169014084507045,438.0,3.00,small,mmas,20.0,archived_run_record,
eil51.tsp,MMAS,7,20313117,reconstructed_from_original_experiment_scripts,455.0,426.0,6.807511737089202,455.0,3.12,small,mmas,20.0,archived_run_record,
eil51.tsp,MMAS,8,20313118,reconstructed_from_original_experiment_scripts,451.0,426.0,5.868544600938967,451.0,3.08,small,mmas,20.0,archived_run_record,
eil51.tsp,MMAS,9,20313119,reconstructed_from_original_experiment_scripts,442.0,426.0,3.755868544600939,442.0,3.01,small,mmas,20.0,archived_run_record,
eil51.tsp,MMAS,10,20313120,reconstructed_from_original_experiment_scripts,440.0,426.0,3.286384976525822,440.0,1.66,small,mmas,20.0,archived_run_record,
eil51.tsp,MSA-ACO,1,20257110,reconstructed_from_original_experiment_scripts,427.0,426.0,0.2347417840375587,427.0,,small,hybrid_v4_2,,archived_run_record,
eil51.tsp,MSA-ACO,2,20257111,reconstructed_from_original_experiment_scripts,427.0,426.0,0.2347417840375587,427.0,,small,hybrid_v4_2,,archived_run_record,
eil51.tsp,MSA-ACO,3,20257112,reconstructed_from_original_experiment_scripts,427.0,426.0,0.2347417840375587,427.0,,small,hybrid_v4_2,,archived_run_record,
eil51.tsp,MSA-ACO,4,20257113,reconstructed_from_original_experiment_scripts,433.0,426.0,1.643192488262911,433.0,,small,hybrid_v4_2,,archived_run_record,
eil51.tsp,MSA-ACO,5,20257114,reconstructed_from_original_experiment_scripts,426.0,426.0,0.0,426.0,,small,hybrid_v4_2,,archived_run_record,
eil51.tsp,MSA-ACO,6,20257115,reconstructed_from_original_experiment_scripts,426.0,426.0,0.0,426.0,,small,hybrid_v4_2,,archived_run_record,
eil51.tsp,MSA-ACO,7,20257116,reconstructed_from_original_experiment_scripts,427.0,426.0,0.2347417840375587,427.0,,small,hybrid_v4_2,,archived_run_record,
eil51.tsp,MSA-ACO,8,20257117,reconstructed_from_original_experiment_scripts,426.0,426.0,0.0,426.0,,small,hybrid_v4_2,,archived_run_record,
eil51.tsp,MSA-ACO,9,20257118,reconstructed_from_original_experiment_scripts,426.0,426.0,0.0,426.0,,small,hybrid_v4_2,,archived_run_record,
eil51.tsp,MSA-ACO,10,20257119,reconstructed_from_original_experiment_scripts,427.0,426.0,0.2347417840375587,427.0,,small,hybrid_v4_2,,archived_run_record,
berlin52.tsp,ACS,1,20322111,reconstructed_from_original_experiment_scripts,7547.0,7542.0,0.06629541235746486,7547.0,2.13,small,acs_end_seq,20.0,archived_run_record,
berlin52.tsp,ACS,2,20322112,reconstructed_from_original_experiment_scripts,7762.0,7542.0,2.916998143728454,7762.0,2.25,small,acs_end_seq,20.0,archived_run_record,
berlin52.tsp,ACS,3,20322113,reconstructed_from_original_experiment_scripts,7696.0,7542.0,2.0418987006099174,7696.0,2.23,small,acs_end_seq,20.0,archived_run_record,
berlin52.tsp,ACS,4,20322114,reconstructed_from_original_experiment_scripts,7812.0,7542.0,3.579952267303103,7812.0,2.25,small,acs_end_seq,20.0,archived_run_record,
berlin52.tsp,ACS,5,20322115,reconstructed_from_original_experiment_scripts,7662.0,7542.0,1.591089896579157,7662.0,2.27,small,acs_end_seq,20.0,archived_run_record,
berlin52.tsp,ACS,6,20322116,reconstructed_from_original_experiment_scripts,7730.0,7542.0,2.492707504640679,7730.0,2.32,small,acs_end_seq,20.0,archived_run_record,
berlin52.tsp,ACS,7,20322117,reconstructed_from_original_experiment_scripts,7864.0,7542.0,4.269424555820738,7864.0,2.30,small,acs_end_seq,20.0,archived_run_record,
berlin52.tsp,ACS,8,20322118,reconstructed_from_original_experiment_scripts,7686.0,7542.0,1.9093078758949882,7686.0,2.21,small,acs_end_seq,20.0,archived_run_record,
berlin52.tsp,ACS,9,20322119,reconstructed_from_original_experiment_scripts,7657.0,7542.0,1.5247944842216918,7657.0,2.56,small,acs_end_seq,20.0,archived_run_record,
berlin52.tsp,ACS,10,20322120,reconstructed_from_original_experiment_scripts,7780.0,7542.0,3.1556616282153276,7780.0,2.54,small,acs_end_seq,20.0,archived_run_record,
berlin52.tsp,MMAS,1,20323111,reconstructed_from_original_experiment_scripts,7768.0,7542.0,2.9965526385574117,7768.0,2.98,small,mmas,20.0,archived_run_record,
berlin52.tsp,MMAS,2,20323112,reconstructed_from_original_experiment_scripts,7574.0,7542.0,0.42429063908777515,7574.0,3.14,small,mmas,20.0,archived_run_record,
berlin52.tsp,MMAS,3,20323113,reconstructed_from_original_experiment_scripts,7767.0,7542.0,2.983293556085919,7767.0,2.98,small,mmas,20.0,archived_run_record,
berlin52.tsp,MMAS,4,20323114,reconstructed_from_original_experiment_scripts,7547.0,7542.0,0.06629541235746486,7547.0,3.14,small,mmas,20.0,archived_run_record,
berlin52.tsp,MMAS,5,20323115,reconstructed_from_original_experiment_scripts,7662.0,7542.0,1.591089896579157,7662.0,3.02,small,mmas,20.0,archived_run_record,
berlin52.tsp,MMAS,6,20323116,reconstructed_from_original_experiment_scripts,7547.0,7542.0,0.06629541235746486,7547.0,3.14,small,mmas,20.0,archived_run_record,
berlin52.tsp,MMAS,7,20323117,reconstructed_from_original_experiment_scripts,7662.0,7542.0,1.591089896579157,7662.0,3.14,small,mmas,20.0,archived_run_record,
berlin52.tsp,MMAS,8,20323118,reconstructed_from_original_experiment_scripts,7662.0,7542.0,1.591089896579157,7662.0,3.18,small,mmas,20.0,archived_run_record,
berlin52.tsp,MMAS,9,20323119,reconstructed_from_original_experiment_scripts,7662.0,7542.0,1.591089896579157,7662.0,3.22,small,mmas,20.0,archived_run_record,
berlin52.tsp,MMAS,10,20323120,reconstructed_from_original_experiment_scripts,7662.0,7542.0,1.591089896579157,7662.0,1.71,small,mmas,20.0,archived_run_record,
berlin52.tsp,MSA-ACO,1,20258110,reconstructed_from_original_experiment_scripts,7542.0,7542.0,0.0,7542.0,,small,hybrid_v4_2,,archived_run_record,
berlin52.tsp,MSA-ACO,2,20258111,reconstructed_from_original_experiment_scripts,7542.0,7542.0,0.0,7542.0,,small,hybrid_v4_2,,archived_run_record,
berlin52.tsp,MSA-ACO,3,20258112,reconstructed_from_original_experiment_scripts,7542.0,7542.0,0.0,7542.0,,small,hybrid_v4_2,,archived_run_record,
berlin52.tsp,MSA-ACO,4,20258113,reconstructed_from_original_experiment_scripts,7542.0,7542.0,0.0,7542.0,,small,hybrid_v4_2,,archived_run_record,
berlin52.tsp,MSA-ACO,5,20258114,reconstructed_from_original_experiment_scripts,7542.0,7542.0,0.0,7542.0,,small,hybrid_v4_2,,archived_run_record,
berlin52.tsp,MSA-ACO,6,20258115,reconstructed_from_original_experiment_scripts,7542.0,7542.0,0.0,7542.0,,small,hybrid_v4_2,,archived_run_record,
berlin52.tsp,MSA-ACO,7,20258116,reconstructed_from_original_experiment_scripts,7542.0,7542.0,0.0,7542.0,,small,hybrid_v4_2,,archived_run_record,
berlin52.tsp,MSA-ACO,8,20258117,reconstructed_from_original_experiment_scripts,7542.0,7542.0,0.0,7542.0,,small,hybrid_v4_2,,archived_run_record,
berlin52.tsp,MSA-ACO,9,20258118,reconstructed_from_original_experiment_scripts,7542.0,7542.0,0.0,7542.0,,small,hybrid_v4_2,,archived_run_record,
berlin52.tsp,MSA-ACO,10,20258119,reconstructed_from_original_experiment_scripts,7542.0,7542.0,0.0,7542.0,,small,hybrid_v4_2,,archived_run_record,
st70.tsp,ACS,1,20332111,reconstructed_from_original_experiment_scripts,701.0,675.0,3.851851851851852,701.0,4.13,small,acs_end_seq,20.0,archived_run_record,
st70.tsp,ACS,2,20332112,reconstructed_from_original_experiment_scripts,708.0,675.0,4.888888888888889,708.0,4.05,small,acs_end_seq,20.0,archived_run_record,
st70.tsp,ACS,3,20332113,reconstructed_from_original_experiment_scripts,698.0,675.0,3.4074074074074074,698.0,4.16,small,acs_end_seq,20.0,archived_run_record,
st70.tsp,ACS,4,20332114,reconstructed_from_original_experiment_scripts,683.0,675.0,1.1851851851851851,683.0,4.20,small,acs_end_seq,20.0,archived_run_record,
st70.tsp,ACS,5,20332115,reconstructed_from_original_experiment_scripts,710.0,675.0,5.185185185185185,710.0,4.26,small,acs_end_seq,20.0,archived_run_record,
st70.tsp,ACS,6,20332116,reconstructed_from_original_experiment_scripts,690.0,675.0,2.2222222222222223,690.0,4.23,small,acs_end_seq,20.0,archived_run_record,
st70.tsp,ACS,7,20332117,reconstructed_from_original_experiment_scripts,682.0,675.0,1.037037037037037,682.0,4.26,small,acs_end_seq,20.0,archived_run_record,
st70.tsp,ACS,8,20332118,reconstructed_from_original_experiment_scripts,707.0,675.0,4.7407407407407405,707.0,4.72,small,acs_end_seq,20.0,archived_run_record,
st70.tsp,ACS,9,20332119,reconstructed_from_original_experiment_scripts,702.0,675.0,4.0,702.0,4.04,small,acs_end_seq,20.0,archived_run_record,
st70.tsp,ACS,10,20332120,reconstructed_from_original_experiment_scripts,701.0,675.0,3.851851851851852,701.0,4.71,small,acs_end_seq,20.0,archived_run_record,
st70.tsp,MMAS,1,20333111,reconstructed_from_original_experiment_scripts,717.0,675.0,6.222222222222222,717.0,5.71,small,mmas,20.0,archived_run_record,
st70.tsp,MMAS,2,20333112,reconstructed_from_original_experiment_scripts,740.0,675.0,9.62962962962963,740.0,5.69,small,mmas,20.0,archived_run_record,
st70.tsp,MMAS,3,20333113,reconstructed_from_original_experiment_scripts,735.0,675.0,8.88888888888889,735.0,5.71,small,mmas,20.0,archived_run_record,
st70.tsp,MMAS,4,20333114,reconstructed_from_original_experiment_scripts,718.0,675.0,6.37037037037037,718.0,5.79,small,mmas,20.0,archived_run_record,
st70.tsp,MMAS,5,20333115,reconstructed_from_original_experiment_scripts,703.0,675.0,4.148148148148148,703.0,4.93,small,mmas,20.0,archived_run_record,
st70.tsp,MMAS,6,20333116,reconstructed_from_original_experiment_scripts,722.0,675.0,6.962962962962963,722.0,4.74,small,mmas,20.0,archived_run_record,
st70.tsp,MMAS,7,20333117,reconstructed_from_original_experiment_scripts,726.0,675.0,7.555555555555555,726.0,4.94,small,mmas,20.0,archived_run_record,
st70.tsp,MMAS,8,20333118,reconstructed_from_original_experiment_scripts,741.0,675.0,9.777777777777779,741.0,5.71,small,mmas,20.0,archived_run_record,
st70.tsp,MMAS,9,20333119,reconstructed_from_original_experiment_scripts,736.0,675.0,9.037037037037036,736.0,5.74,small,mmas,20.0,archived_run_record,
st70.tsp,MMAS,10,20333120,reconstructed_from_original_experiment_scripts,743.0,675.0,10.074074074074074,743.0,3.13,small,mmas,20.0,archived_run_record,
st70.tsp,MSA-ACO,1,20259110,reconstructed_from_original_experiment_scripts,676.0,675.0,0.14814814814814814,676.0,,small,hybrid_v4_2,,archived_run_record,
st70.tsp,MSA-ACO,2,20259111,reconstructed_from_original_experiment_scripts,680.0,675.0,0.7407407407407408,680.0,,small,hybrid_v4_2,,archived_run_record,
st70.tsp,MSA-ACO,3,20259112,reconstructed_from_original_experiment_scripts,675.0,675.0,0.0,675.0,,small,hybrid_v4_2,,archived_run_record,
st70.tsp,MSA-ACO,4,20259113,reconstructed_from_original_experiment_scripts,675.0,675.0,0.0,675.0,,small,hybrid_v4_2,,archived_run_record,
st70.tsp,MSA-ACO,5,20259114,reconstructed_from_original_experiment_scripts,675.0,675.0,0.0,675.0,,small,hybrid_v4_2,,archived_run_record,
st70.tsp,MSA-ACO,6,20259115,reconstructed_from_original_experiment_scripts,675.0,675.0,0.0,675.0,,small,hybrid_v4_2,,archived_run_record,
st70.tsp,MSA-ACO,7,20259116,reconstructed_from_original_experiment_scripts,675.0,675.0,0.0,675.0,,small,hybrid_v4_2,,archived_run_record,
st70.tsp,MSA-ACO,8,20259117,reconstructed_from_original_experiment_scripts,676.0,675.0,0.14814814814814814,676.0,,small,hybrid_v4_2,,archived_run_record,
st70.tsp,MSA-ACO,9,20259118,reconstructed_from_original_experiment_scripts,675.0,675.0,0.0,675.0,,small,hybrid_v4_2,,archived_run_record,
st70.tsp,MSA-ACO,10,20259119,reconstructed_from_original_experiment_scripts,675.0,675.0,0.0,675.0,,small,hybrid_v4_2,,archived_run_record,
eil76.tsp,ACS,1,20342111,reconstructed_from_original_experiment_scripts,542.0,538.0,0.7434944237918215,542.0,4.92,small,acs_end_seq,20.0,archived_run_record,
eil76.tsp,ACS,2,20342112,reconstructed_from_original_experiment_scripts,557.0,538.0,3.5315985130111525,557.0,4.94,small,acs_end_seq,20.0,archived_run_record,
eil76.tsp,ACS,3,20342113,reconstructed_from_original_experiment_scripts,549.0,538.0,2.0446096654275094,549.0,4.67,small,acs_end_seq,20.0,archived_run_record,
eil76.tsp,ACS,4,20342114,reconstructed_from_original_experiment_scripts,551.0,538.0,2.41635687732342,551.0,4.89,small,acs_end_seq,20.0,archived_run_record,
eil76.tsp,ACS,5,20342115,reconstructed_from_original_experiment_scripts,544.0,538.0,1.1152416356877324,544.0,4.91,small,acs_end_seq,20.0,archived_run_record,
eil76.tsp,ACS,6,20342116,reconstructed_from_original_experiment_scripts,549.0,538.0,2.0446096654275094,549.0,5.07,small,acs_end_seq,20.0,archived_run_record,
eil76.tsp,ACS,7,20342117,reconstructed_from_original_experiment_scripts,550.0,538.0,2.2304832713754648,550.0,4.80,small,acs_end_seq,20.0,archived_run_record,
eil76.tsp,ACS,8,20342118,reconstructed_from_original_experiment_scripts,551.0,538.0,2.41635687732342,551.0,5.53,small,acs_end_seq,20.0,archived_run_record,
eil76.tsp,ACS,9,20342119,reconstructed_from_original_experiment_scripts,548.0,538.0,1.858736059479554,548.0,4.99,small,acs_end_seq,20.0,archived_run_record,
eil76.tsp,ACS,10,20342120,reconstructed_from_original_experiment_scripts,549.0,538.0,2.0446096654275094,549.0,5.55,small,acs_end_seq,20.0,archived_run_record,
eil76.tsp,MMAS,1,20343111,reconstructed_from_original_experiment_scripts,563.0,538.0,4.646840148698884,563.0,6.61,small,mmas,20.0,archived_run_record,
eil76.tsp,MMAS,2,20343112,reconstructed_from_original_experiment_scripts,566.0,538.0,5.204460966542751,566.0,5.83,small,mmas,20.0,archived_run_record,
eil76.tsp,MMAS,3,20343113,reconstructed_from_original_experiment_scripts,563.0,538.0,4.646840148698884,563.0,6.82,small,mmas,20.0,archived_run_record,
eil76.tsp,MMAS,4,20343114,reconstructed_from_original_experiment_scripts,567.0,538.0,5.390334572490707,567.0,6.15,small,mmas,20.0,archived_run_record,
eil76.tsp,MMAS,5,20343115,reconstructed_from_original_experiment_scripts,563.0,538.0,4.646840148698884,563.0,6.78,small,mmas,20.0,archived_run_record,
eil76.tsp,MMAS,6,20343116,reconstructed_from_original_experiment_scripts,565.0,538.0,5.018587360594796,565.0,6.20,small,mmas,20.0,archived_run_record,
eil76.tsp,MMAS,7,20343117,reconstructed_from_original_experiment_scripts,563.0,538.0,4.646840148698884,563.0,6.15,small,mmas,20.0,archived_run_record,
eil76.tsp,MMAS,8,20343118,reconstructed_from_original_experiment_scripts,565.0,538.0,5.018587360594796,565.0,6.84,small,mmas,20.0,archived_run_record,
eil76.tsp,MMAS,9,20343119,reconstructed_from_original_experiment_scripts,561.0,538.0,4.275092936802974,561.0,6.79,small,mmas,20.0,archived_run_record,
eil76.tsp,MMAS,10,20343120,reconstructed_from_original_experiment_scripts,560.0,538.0,4.089219330855019,560.0,3.58,small,mmas,20.0,archived_run_record,
eil76.tsp,MSA-ACO,1,20260110,reconstructed_from_original_experiment_scripts,538.0,538.0,0.0,538.0,,small,hybrid_v4_2,,archived_run_record,
eil76.tsp,MSA-ACO,2,20260111,reconstructed_from_original_experiment_scripts,538.0,538.0,0.0,538.0,,small,hybrid_v4_2,,archived_run_record,
eil76.tsp,MSA-ACO,3,20260112,reconstructed_from_original_experiment_scripts,539.0,538.0,0.18587360594795538,539.0,,small,hybrid_v4_2,,archived_run_record,
eil76.tsp,MSA-ACO,4,20260113,reconstructed_from_original_experiment_scripts,538.0,538.0,0.0,538.0,,small,hybrid_v4_2,,archived_run_record,
eil76.tsp,MSA-ACO,5,20260114,reconstructed_from_original_experiment_scripts,538.0,538.0,0.0,538.0,,small,hybrid_v4_2,,archived_run_record,
eil76.tsp,MSA-ACO,6,20260115,reconstructed_from_original_experiment_scripts,540.0,538.0,0.37174721189591076,540.0,,small,hybrid_v4_2,,archived_run_record,
eil76.tsp,MSA-ACO,7,20260116,reconstructed_from_original_experiment_scripts,538.0,538.0,0.0,538.0,,small,hybrid_v4_2,,archived_run_record,
eil76.tsp,MSA-ACO,8,20260117,reconstructed_from_original_experiment_scripts,538.0,538.0,0.0,538.0,,small,hybrid_v4_2,,archived_run_record,
eil76.tsp,MSA-ACO,9,20260118,reconstructed_from_original_experiment_scripts,539.0,538.0,0.18587360594795538,539.0,,small,hybrid_v4_2,,archived_run_record,
eil76.tsp,MSA-ACO,10,20260119,reconstructed_from_original_experiment_scripts,538.0,538.0,0.0,538.0,,small,hybrid_v4_2,,archived_run_record,
rat99.tsp,ACS,1,20352111,reconstructed_from_original_experiment_scripts,1243.0,1211.0,2.6424442609413705,1243.0,17.33,small,acs_end_seq,20.0,archived_run_record,
rat99.tsp,ACS,2,20352112,reconstructed_from_original_experiment_scripts,1246.0,1211.0,2.8901734104046244,1246.0,17.13,small,acs_end_seq,20.0,archived_run_record,
rat99.tsp,ACS,3,20352113,reconstructed_from_original_experiment_scripts,1236.0,1211.0,2.064409578860446,1236.0,18.38,small,acs_end_seq,20.0,archived_run_record,
rat99.tsp,ACS,4,20352114,reconstructed_from_original_experiment_scripts,1254.0,1211.0,3.5507844756399667,1254.0,16.93,small,acs_end_seq,20.0,archived_run_record,
rat99.tsp,ACS,5,20352115,reconstructed_from_original_experiment_scripts,1222.0,1211.0,0.9083402146985963,1222.0,16.31,small,acs_end_seq,20.0,archived_run_record,
rat99.tsp,ACS,6,20352116,reconstructed_from_original_experiment_scripts,1246.0,1211.0,2.8901734104046244,1246.0,17.76,small,acs_end_seq,20.0,archived_run_record,
rat99.tsp,ACS,7,20352117,reconstructed_from_original_experiment_scripts,1260.0,1211.0,4.046242774566474,1260.0,16.80,small,acs_end_seq,20.0,archived_run_record,
rat99.tsp,ACS,8,20352118,reconstructed_from_original_experiment_scripts,1237.0,1211.0,2.1469859620148637,1237.0,17.52,small,acs_end_seq,20.0,archived_run_record,
rat99.tsp,ACS,9,20352119,reconstructed_from_original_experiment_scripts,1268.0,1211.0,4.706853839801816,1268.0,18.13,small,acs_end_seq,20.0,archived_run_record,
rat99.tsp,ACS,10,20352120,reconstructed_from_original_experiment_scripts,1236.0,1211.0,2.064409578860446,1236.0,18.10,small,acs_end_seq,20.0,archived_run_record,
rat99.tsp,MMAS,1,20353111,reconstructed_from_original_experiment_scripts,1304.0,1211.0,7.679603633360858,1304.0,21.59,small,mmas,20.0,archived_run_record,
rat99.tsp,MMAS,2,20353112,reconstructed_from_original_experiment_scripts,1304.0,1211.0,7.679603633360858,1304.0,23.21,small,mmas,20.0,archived_run_record,
rat99.tsp,MMAS,3,20353113,reconstructed_from_original_experiment_scripts,1303.0,1211.0,7.597027250206441,1303.0,22.73,small,mmas,20.0,archived_run_record,
rat99.tsp,MMAS,4,20353114,reconstructed_from_original_experiment_scripts,1309.0,1211.0,8.092485549132949,1309.0,20.48,small,mmas,20.0,archived_run_record,
rat99.tsp,MMAS,5,20353115,reconstructed_from_original_experiment_scripts,1289.0,1211.0,6.4409578860445915,1289.0,23.87,small,mmas,20.0,archived_run_record,
rat99.tsp,MMAS,6,20353116,reconstructed_from_original_experiment_scripts,1296.0,1211.0,7.018992568125516,1296.0,22.45,small,mmas,20.0,archived_run_record,
rat99.tsp,MMAS,7,20353117,reconstructed_from_original_experiment_scripts,1308.0,1211.0,8.00990916597853,1308.0,22.10,small,mmas,20.0,archived_run_record,
rat99.tsp,MMAS,8,20353118,reconstructed_from_original_experiment_scripts,1327.0,1211.0,9.57886044591247,1327.0,23.53,small,mmas,20.0,archived_run_record,
rat99.tsp,MMAS,9,20353119,reconstructed_from_original_experiment_scripts,1303.0,1211.0,7.597027250206441,1303.0,21.22,small,mmas,20.0,archived_run_record,
rat99.tsp,MMAS,10,20353120,reconstructed_from_original_experiment_scripts,1291.0,1211.0,6.6061106523534265,1291.0,12.47,small,mmas,20.0,archived_run_record,
rat99.tsp,MSA-ACO,1,20261110,reconstructed_from_original_experiment_scripts,1211.0,1211.0,0.0,1211.0,,small,hybrid_v4_2,,archived_run_record,
rat99.tsp,MSA-ACO,2,20261111,reconstructed_from_original_experiment_scripts,1211.0,1211.0,0.0,1211.0,,small,hybrid_v4_2,,archived_run_record,
rat99.tsp,MSA-ACO,3,20261112,reconstructed_from_original_experiment_scripts,1212.0,1211.0,0.08257638315441783,1212.0,,small,hybrid_v4_2,,archived_run_record,
rat99.tsp,MSA-ACO,4,20261113,reconstructed_from_original_experiment_scripts,1212.0,1211.0,0.08257638315441783,1212.0,,small,hybrid_v4_2,,archived_run_record,
rat99.tsp,MSA-ACO,5,20261114,reconstructed_from_original_experiment_scripts,1211.0,1211.0,0.0,1211.0,,small,hybrid_v4_2,,archived_run_record,
rat99.tsp,MSA-ACO,6,20261115,reconstructed_from_original_experiment_scripts,1211.0,1211.0,0.0,1211.0,,small,hybrid_v4_2,,archived_run_record,
rat99.tsp,MSA-ACO,7,20261116,reconstructed_from_original_experiment_scripts,1211.0,1211.0,0.0,1211.0,,small,hybrid_v4_2,,archived_run_record,
rat99.tsp,MSA-ACO,8,20261117,reconstructed_from_original_experiment_scripts,1212.0,1211.0,0.08257638315441783,1212.0,,small,hybrid_v4_2,,archived_run_record,
rat99.tsp,MSA-ACO,9,20261118,reconstructed_from_original_experiment_scripts,1211.0,1211.0,0.0,1211.0,,small,hybrid_v4_2,,archived_run_record,
rat99.tsp,MSA-ACO,10,20261119,reconstructed_from_original_experiment_scripts,1212.0,1211.0,0.08257638315441783,1212.0,,small,hybrid_v4_2,,archived_run_record,
kroA100.tsp,ACS,1,20362111,reconstructed_from_original_experiment_scripts,21773.0,21282.0,2.3071139930457663,21773.0,19.26,small,acs_end_seq,20.0,archived_run_record,
kroA100.tsp,ACS,2,20362112,reconstructed_from_original_experiment_scripts,22110.0,21282.0,3.89061178460671,22110.0,16.82,small,acs_end_seq,20.0,archived_run_record,
kroA100.tsp,ACS,3,20362113,reconstructed_from_original_experiment_scripts,21813.0,21282.0,2.4950662531716943,21813.0,17.95,small,acs_end_seq,20.0,archived_run_record,
kroA100.tsp,ACS,4,20362114,reconstructed_from_original_experiment_scripts,21877.0,21282.0,2.7957898693731793,21877.0,17.53,small,acs_end_seq,20.0,archived_run_record,
kroA100.tsp,ACS,5,20362115,reconstructed_from_original_experiment_scripts,21824.0,21282.0,2.5467531247063246,21824.0,17.83,small,acs_end_seq,20.0,archived_run_record,
kroA100.tsp,ACS,6,20362116,reconstructed_from_original_experiment_scripts,22139.0,21282.0,4.026877173198008,22139.0,17.72,small,acs_end_seq,20.0,archived_run_record,
kroA100.tsp,ACS,7,20362117,reconstructed_from_original_experiment_scripts,22165.0,21282.0,4.149046142279861,22165.0,17.51,small,acs_end_seq,20.0,archived_run_record,
kroA100.tsp,ACS,8,20362118,reconstructed_from_original_experiment_scripts,21788.0,21282.0,2.377596090592989,21788.0,19.64,small,acs_end_seq,20.0,archived_run_record,
kroA100.tsp,ACS,9,20362119,reconstructed_from_original_experiment_scripts,21666.0,21282.0,1.804341697208909,21666.0,17.21,small,acs_end_seq,20.0,archived_run_record,
kroA100.tsp,ACS,10,20362120,reconstructed_from_original_experiment_scripts,21714.0,21282.0,2.0298844093600223,21714.0,17.27,small,acs_end_seq,20.0,archived_run_record,
kroA100.tsp,MMAS,1,20363111,reconstructed_from_original_experiment_scripts,23175.0,21282.0,8.894840710459544,23175.0,25.48,small,mmas,20.0,archived_run_record,
kroA100.tsp,MMAS,2,20363112,reconstructed_from_original_experiment_scripts,23233.0,21282.0,9.167371487642137,23233.0,25.32,small,mmas,20.0,archived_run_record,
kroA100.tsp,MMAS,3,20363113,reconstructed_from_original_experiment_scripts,22982.0,21282.0,7.987971055351941,22982.0,24.46,small,mmas,20.0,archived_run_record,
kroA100.tsp,MMAS,4,20363114,reconstructed_from_original_experiment_scripts,22503.0,21282.0,5.7372427403439525,22503.0,22.64,small,mmas,20.0,archived_run_record,
kroA100.tsp,MMAS,5,20363115,reconstructed_from_original_experiment_scripts,22834.0,21282.0,7.292547692886007,22834.0,23.72,small,mmas,20.0,archived_run_record,
kroA100.tsp,MMAS,6,20363116,reconstructed_from_original_experiment_scripts,22593.0,21282.0,6.16013532562729,22593.0,23.36,small,mmas,20.0,archived_run_record,
kroA100.tsp,MMAS,7,20363117,reconstructed_from_original_experiment_scripts,23430.0,21282.0,10.093036368762334,23430.0,23.21,small,mmas,20.0,archived_run_record,
kroA100.tsp,MMAS,8,20363118,reconstructed_from_original_experiment_scripts,23093.0,21282.0,8.50953857720139,23093.0,22.69,small,mmas,20.0,archived_run_record,
kroA100.tsp,MMAS,9,20363119,reconstructed_from_original_experiment_scripts,22748.0,21282.0,6.888450333615262,22748.0,25.27,small,mmas,20.0,archived_run_record,
kroA100.tsp,MMAS,10,20363120,reconstructed_from_original_experiment_scripts,22933.0,21282.0,7.757729536697679,22933.0,12.66,small,mmas,20.0,archived_run_record,
kroA100.tsp,MSA-ACO,1,20262110,reconstructed_from_original_experiment_scripts,21282.0,21282.0,0.0,21282.0,,small,hybrid_v4_2,,archived_run_record,
kroA100.tsp,MSA-ACO,2,20262111,reconstructed_from_original_experiment_scripts,21282.0,21282.0,0.0,21282.0,,small,hybrid_v4_2,,archived_run_record,
kroA100.tsp,MSA-ACO,3,20262112,reconstructed_from_original_experiment_scripts,21282.0,21282.0,0.0,21282.0,,small,hybrid_v4_2,,archived_run_record,
kroA100.tsp,MSA-ACO,4,20262113,reconstructed_from_original_experiment_scripts,21282.0,21282.0,0.0,21282.0,,small,hybrid_v4_2,,archived_run_record,
kroA100.tsp,MSA-ACO,5,20262114,reconstructed_from_original_experiment_scripts,21282.0,21282.0,0.0,21282.0,,small,hybrid_v4_2,,archived_run_record,
kroA100.tsp,MSA-ACO,6,20262115,reconstructed_from_original_experiment_scripts,21282.0,21282.0,0.0,21282.0,,small,hybrid_v4_2,,archived_run_record,
kroA100.tsp,MSA-ACO,7,20262116,reconstructed_from_original_experiment_scripts,21282.0,21282.0,0.0,21282.0,,small,hybrid_v4_2,,archived_run_record,
kroA100.tsp,MSA-ACO,8,20262117,reconstructed_from_original_experiment_scripts,21282.0,21282.0,0.0,21282.0,,small,hybrid_v4_2,,archived_run_record,
kroA100.tsp,MSA-ACO,9,20262118,reconstructed_from_original_experiment_scripts,21282.0,21282.0,0.0,21282.0,,small,hybrid_v4_2,,archived_run_record,
kroA100.tsp,MSA-ACO,10,20262119,reconstructed_from_original_experiment_scripts,21282.0,21282.0,0.0,21282.0,,small,hybrid_v4_2,,archived_run_record,
kroB100.tsp,ACS,1,20372111,reconstructed_from_original_experiment_scripts,22384.0,22141.0,1.0975114041822862,22384.0,16.83,small,acs_end_seq,20.0,archived_run_record,
kroB100.tsp,ACS,2,20372112,reconstructed_from_original_experiment_scripts,22424.0,22141.0,1.2781717176279301,22424.0,16.50,small,acs_end_seq,20.0,archived_run_record,
kroB100.tsp,ACS,3,20372113,reconstructed_from_original_experiment_scripts,22375.0,22141.0,1.0568628336570165,22375.0,17.46,small,acs_end_seq,20.0,archived_run_record,
kroB100.tsp,ACS,4,20372114,reconstructed_from_original_experiment_scripts,22438.0,22141.0,1.3414028273339054,22438.0,17.27,small,acs_end_seq,20.0,archived_run_record,
kroB100.tsp,ACS,5,20372115,reconstructed_from_original_experiment_scripts,22485.0,22141.0,1.553678695632537,22485.0,18.72,small,acs_end_seq,20.0,archived_run_record,
kroB100.tsp,ACS,6,20372116,reconstructed_from_original_experiment_scripts,22507.0,22141.0,1.6530418680276409,22507.0,19.69,small,acs_end_seq,20.0,archived_run_record,
kroB100.tsp,ACS,7,20372117,reconstructed_from_original_experiment_scripts,22783.0,22141.0,2.8995980308025837,22783.0,17.46,small,acs_end_seq,20.0,archived_run_record,
kroB100.tsp,ACS,8,20372118,reconstructed_from_original_experiment_scripts,22398.0,22141.0,1.1607425138882617,22398.0,17.40,small,acs_end_seq,20.0,archived_run_record,
kroB100.tsp,ACS,9,20372119,reconstructed_from_original_experiment_scripts,22558.0,22141.0,1.883383767670837,22558.0,18.87,small,acs_end_seq,20.0,archived_run_record,
kroB100.tsp,ACS,10,20372120,reconstructed_from_original_experiment_scripts,22483.0,22141.0,1.5446456799602548,22483.0,17.85,small,acs_end_seq,20.0,archived_run_record,
kroB100.tsp,MMAS,1,20373111,reconstructed_from_original_experiment_scripts,22954.0,22141.0,3.6719208707827105,22954.0,22.31,small,mmas,20.0,archived_run_record,
kroB100.tsp,MMAS,2,20373112,reconstructed_from_original_experiment_scripts,22747.0,22141.0,2.737003748701504,22747.0,23.29,small,mmas,20.0,archived_run_record,
kroB100.tsp,MMAS,3,20373113,reconstructed_from_original_experiment_scripts,22969.0,22141.0,3.7396684883248272,22969.0,21.15,small,mmas,20.0,archived_run_record,
kroB100.tsp,MMAS,4,20373114,reconstructed_from_original_experiment_scripts,22499.0,22141.0,1.6169098053385123,22499.0,24.82,small,mmas,20.0,archived_run_record,
kroB100.tsp,MMAS,5,20373115,reconstructed_from_original_experiment_scripts,23317.0,22141.0,5.311413215301928,23317.0,23.93,small,mmas,20.0,archived_run_record,
kroB100.tsp,MMAS,6,20373116,reconstructed_from_original_experiment_scripts,22883.0,22141.0,3.3512488144166928,22883.0,20.85,small,mmas,20.0,archived_run_record,
kroB100.tsp,MMAS,7,20373117,reconstructed_from_original_experiment_scripts,23528.0,22141.0,6.2643963687277,23528.0,22.92,small,mmas,20.0,archived_run_record,
kroB100.tsp,MMAS,8,20373118,reconstructed_from_original_experiment_scripts,22910.0,22141.0,3.473194525992503,22910.0,23.73,small,mmas,20.0,archived_run_record,
kroB100.tsp,MMAS,9,20373119,reconstructed_from_original_experiment_scripts,22748.0,22141.0,2.741520256537645,22748.0,23.53,small,mmas,20.0,archived_run_record,
kroB100.tsp,MMAS,10,20373120,reconstructed_from_original_experiment_scripts,22835.0,22141.0,3.1344564382819207,22835.0,12.78,small,mmas,20.0,archived_run_record,
kroB100.tsp,MSA-ACO,1,20263110,reconstructed_from_original_experiment_scripts,22141.0,22141.0,0.0,22141.0,,small,hybrid_v4_2,,archived_run_record,
kroB100.tsp,MSA-ACO,2,20263111,reconstructed_from_original_experiment_scripts,22141.0,22141.0,0.0,22141.0,,small,hybrid_v4_2,,archived_run_record,
kroB100.tsp,MSA-ACO,3,20263112,reconstructed_from_original_experiment_scripts,22141.0,22141.0,0.0,22141.0,,small,hybrid_v4_2,,archived_run_record,
kroB100.tsp,MSA-ACO,4,20263113,reconstructed_from_original_experiment_scripts,22141.0,22141.0,0.0,22141.0,,small,hybrid_v4_2,,archived_run_record,
kroB100.tsp,MSA-ACO,5,20263114,reconstructed_from_original_experiment_scripts,22141.0,22141.0,0.0,22141.0,,small,hybrid_v4_2,,archived_run_record,
kroB100.tsp,MSA-ACO,6,20263115,reconstructed_from_original_experiment_scripts,22220.0,22141.0,0.3568041190551466,22220.0,,small,hybrid_v4_2,,archived_run_record,
kroB100.tsp,MSA-ACO,7,20263116,reconstructed_from_original_experiment_scripts,22141.0,22141.0,0.0,22141.0,,small,hybrid_v4_2,,archived_run_record,
kroB100.tsp,MSA-ACO,8,20263117,reconstructed_from_original_experiment_scripts,22141.0,22141.0,0.0,22141.0,,small,hybrid_v4_2,,archived_run_record,
kroB100.tsp,MSA-ACO,9,20263118,reconstructed_from_original_experiment_scripts,22141.0,22141.0,0.0,22141.0,,small,hybrid_v4_2,,archived_run_record,
kroB100.tsp,MSA-ACO,10,20263119,reconstructed_from_original_experiment_scripts,22141.0,22141.0,0.0,22141.0,,small,hybrid_v4_2,,archived_run_record,
kroC100.tsp,ACS,1,20382111,reconstructed_from_original_experiment_scripts,21288.0,20749.0,2.5977155525567497,21288.0,16.85,small,acs_end_seq,20.0,archived_run_record,
kroC100.tsp,ACS,2,20382112,reconstructed_from_original_experiment_scripts,21048.0,20749.0,1.441033302809774,21048.0,16.46,small,acs_end_seq,20.0,archived_run_record,
kroC100.tsp,ACS,3,20382113,reconstructed_from_original_experiment_scripts,20943.0,20749.0,0.934984818545472,20943.0,17.12,small,acs_end_seq,20.0,archived_run_record,
kroC100.tsp,ACS,4,20382114,reconstructed_from_original_experiment_scripts,21115.0,20749.0,1.763940430864138,21115.0,17.33,small,acs_end_seq,20.0,archived_run_record,
kroC100.tsp,ACS,5,20382115,reconstructed_from_original_experiment_scripts,21235.0,20749.0,2.342281555737626,21235.0,17.42,small,acs_end_seq,20.0,archived_run_record,
kroC100.tsp,ACS,6,20382116,reconstructed_from_original_experiment_scripts,21203.0,20749.0,2.1880572557713625,21203.0,17.79,small,acs_end_seq,20.0,archived_run_record,
kroC100.tsp,ACS,7,20382117,reconstructed_from_original_experiment_scripts,21667.0,20749.0,4.424309605282183,21667.0,17.38,small,acs_end_seq,20.0,archived_run_record,
kroC100.tsp,ACS,8,20382118,reconstructed_from_original_experiment_scripts,21428.0,20749.0,3.2724468649091523,21428.0,17.78,small,acs_end_seq,20.0,archived_run_record,
kroC100.tsp,ACS,9,20382119,reconstructed_from_original_experiment_scripts,21114.0,20749.0,1.7591209214901922,21114.0,19.76,small,acs_end_seq,20.0,archived_run_record,
kroC100.tsp,ACS,10,20382120,reconstructed_from_original_experiment_scripts,21116.0,20749.0,1.7687599402380838,21116.0,19.74,small,acs_end_seq,20.0,archived_run_record,
kroC100.tsp,MMAS,1,20383111,reconstructed_from_original_experiment_scripts,21596.0,20749.0,4.082124439732035,21596.0,24.36,small,mmas,20.0,archived_run_record,
kroC100.tsp,MMAS,2,20383112,reconstructed_from_original_experiment_scripts,21513.0,20749.0,3.68210516169454,21513.0,20.90,small,mmas,20.0,archived_run_record,
kroC100.tsp,MMAS,3,20383113,reconstructed_from_original_experiment_scripts,21456.0,20749.0,3.407393127379633,21456.0,24.34,small,mmas,20.0,archived_run_record,
kroC100.tsp,MMAS,4,20383114,reconstructed_from_original_experiment_scripts,21616.0,20749.0,4.17851462721095,21616.0,23.28,small,mmas,20.0,archived_run_record,
kroC100.tsp,MMAS,5,20383115,reconstructed_from_original_experiment_scripts,21944.0,20749.0,5.75931370186515,21944.0,24.63,small,mmas,20.0,archived_run_record,
kroC100.tsp,MMAS,6,20383116,reconstructed_from_original_experiment_scripts,21622.0,20749.0,4.207431683454624,21622.0,23.90,small,mmas,20.0,archived_run_record,
kroC100.tsp,MMAS,7,20383117,reconstructed_from_original_experiment_scripts,21396.0,20749.0,3.1182225649428887,21396.0,21.76,small,mmas,20.0,archived_run_record,
kroC100.tsp,MMAS,8,20383118,reconstructed_from_original_experiment_scripts,22055.0,20749.0,6.294279242373127,22055.0,21.46,small,mmas,20.0,archived_run_record,
kroC100.tsp,MMAS,9,20383119,reconstructed_from_original_experiment_scripts,21587.0,20749.0,4.038748855366523,21587.0,22.66,small,mmas,20.0,archived_run_record,
kroC100.tsp,MMAS,10,20383120,reconstructed_from_original_experiment_scripts,21556.0,20749.0,3.8893440647742064,21556.0,12.52,small,mmas,20.0,archived_run_record,
kroC100.tsp,MSA-ACO,1,20264110,reconstructed_from_original_experiment_scripts,20749.0,20749.0,0.0,20749.0,,small,hybrid_v4_2,,archived_run_record,
kroC100.tsp,MSA-ACO,2,20264111,reconstructed_from_original_experiment_scripts,20749.0,20749.0,0.0,20749.0,,small,hybrid_v4_2,,archived_run_record,
kroC100.tsp,MSA-ACO,3,20264112,reconstructed_from_original_experiment_scripts,20749.0,20749.0,0.0,20749.0,,small,hybrid_v4_2,,archived_run_record,
kroC100.tsp,MSA-ACO,4,20264113,reconstructed_from_original_experiment_scripts,20749.0,20749.0,0.0,20749.0,,small,hybrid_v4_2,,archived_run_record,
kroC100.tsp,MSA-ACO,5,20264114,reconstructed_from_original_experiment_scripts,20749.0,20749.0,0.0,20749.0,,small,hybrid_v4_2,,archived_run_record,
kroC100.tsp,MSA-ACO,6,20264115,reconstructed_from_original_experiment_scripts,20749.0,20749.0,0.0,20749.0,,small,hybrid_v4_2,,archived_run_record,
kroC100.tsp,MSA-ACO,7,20264116,reconstructed_from_original_experiment_scripts,20749.0,20749.0,0.0,20749.0,,small,hybrid_v4_2,,archived_run_record,
kroC100.tsp,MSA-ACO,8,20264117,reconstructed_from_original_experiment_scripts,20749.0,20749.0,0.0,20749.0,,small,hybrid_v4_2,,archived_run_record,
kroC100.tsp,MSA-ACO,9,20264118,reconstructed_from_original_experiment_scripts,20749.0,20749.0,0.0,20749.0,,small,hybrid_v4_2,,archived_run_record,
kroC100.tsp,MSA-ACO,10,20264119,reconstructed_from_original_experiment_scripts,20749.0,20749.0,0.0,20749.0,,small,hybrid_v4_2,,archived_run_record,
kroD100.tsp,ACS,1,20392111,reconstructed_from_original_experiment_scripts,22346.0,21294.0,4.940358786512633,22346.0,17.42,small,acs_end_seq,20.0,archived_run_record,
kroD100.tsp,ACS,2,20392112,reconstructed_from_original_experiment_scripts,21979.0,21294.0,3.216868601483986,21979.0,17.41,small,acs_end_seq,20.0,archived_run_record,
kroD100.tsp,ACS,3,20392113,reconstructed_from_original_experiment_scripts,22457.0,21294.0,5.461632384709308,22457.0,17.58,small,acs_end_seq,20.0,archived_run_record,
kroD100.tsp,ACS,4,20392114,reconstructed_from_original_experiment_scripts,22024.0,21294.0,3.4281957358880435,22024.0,16.68,small,acs_end_seq,20.0,archived_run_record,
kroD100.tsp,ACS,5,20392115,reconstructed_from_original_experiment_scripts,21802.0,21294.0,2.385648539494693,21802.0,17.21,small,acs_end_seq,20.0,archived_run_record,
kroD100.tsp,ACS,6,20392116,reconstructed_from_original_experiment_scripts,22361.0,21294.0,5.010801164647319,22361.0,17.71,small,acs_end_seq,20.0,archived_run_record,
kroD100.tsp,ACS,7,20392117,reconstructed_from_original_experiment_scripts,21710.0,21294.0,1.9536019536019535,21710.0,17.31,small,acs_end_seq,20.0,archived_run_record,
kroD100.tsp,ACS,8,20392118,reconstructed_from_original_experiment_scripts,21912.0,21294.0,2.902225979149056,21912.0,16.50,small,acs_end_seq,20.0,archived_run_record,
kroD100.tsp,ACS,9,20392119,reconstructed_from_original_experiment_scripts,21897.0,21294.0,2.83178360101437,21897.0,19.59,small,acs_end_seq,20.0,archived_run_record,
kroD100.tsp,ACS,10,20392120,reconstructed_from_original_experiment_scripts,21733.0,21294.0,2.0616136000751384,21733.0,19.62,small,acs_end_seq,20.0,archived_run_record,
kroD100.tsp,MMAS,1,20393111,reconstructed_from_original_experiment_scripts,22768.0,21294.0,6.9221376913684605,22768.0,23.81,small,mmas,20.0,archived_run_record,
kroD100.tsp,MMAS,2,20393112,reconstructed_from_original_experiment_scripts,22959.0,21294.0,7.819103972950127,22959.0,23.32,small,mmas,20.0,archived_run_record,
kroD100.tsp,MMAS,3,20393113,reconstructed_from_original_experiment_scripts,22782.0,21294.0,6.987883910960833,22782.0,24.19,small,mmas,20.0,archived_run_record,
kroD100.tsp,MMAS,4,20393114,reconstructed_from_original_experiment_scripts,22290.0,21294.0,4.677373908143139,22290.0,21.63,small,mmas,20.0,archived_run_record,
kroD100.tsp,MMAS,5,20393115,reconstructed_from_original_experiment_scripts,23069.0,21294.0,8.33568141260449,23069.0,24.47,small,mmas,20.0,archived_run_record,
kroD100.tsp,MMAS,6,20393116,reconstructed_from_original_experiment_scripts,23192.0,21294.0,8.913308913308914,23192.0,24.22,small,mmas,20.0,archived_run_record,
kroD100.tsp,MMAS,7,20393117,reconstructed_from_original_experiment_scripts,22508.0,21294.0,5.701136470367239,22508.0,24.32,small,mmas,20.0,archived_run_record,
kroD100.tsp,MMAS,8,20393118,reconstructed_from_original_experiment_scripts,22962.0,21294.0,7.833192448577064,22962.0,24.36,small,mmas,20.0,archived_run_record,
kroD100.tsp,MMAS,9,20393119,reconstructed_from_original_experiment_scripts,22753.0,21294.0,6.851695313233774,22753.0,20.85,small,mmas,20.0,archived_run_record,
kroD100.tsp,MMAS,10,20393120,reconstructed_from_original_experiment_scripts,22928.0,21294.0,7.673523058138443,22928.0,12.67,small,mmas,20.0,archived_run_record,
kroD100.tsp,MSA-ACO,1,20265110,reconstructed_from_original_experiment_scripts,21294.0,21294.0,0.0,21294.0,,small,hybrid_v4_2,,archived_run_record,
kroD100.tsp,MSA-ACO,2,20265111,reconstructed_from_original_experiment_scripts,21294.0,21294.0,0.0,21294.0,,small,hybrid_v4_2,,archived_run_record,
kroD100.tsp,MSA-ACO,3,20265112,reconstructed_from_original_experiment_scripts,21309.0,21294.0,0.07044237813468582,21309.0,,small,hybrid_v4_2,,archived_run_record,
kroD100.tsp,MSA-ACO,4,20265113,reconstructed_from_original_experiment_scripts,21309.0,21294.0,0.07044237813468582,21309.0,,small,hybrid_v4_2,,archived_run_record,
kroD100.tsp,MSA-ACO,5,20265114,reconstructed_from_original_experiment_scripts,21294.0,21294.0,0.0,21294.0,,small,hybrid_v4_2,,archived_run_record,
kroD100.tsp,MSA-ACO,6,20265115,reconstructed_from_original_experiment_scripts,21309.0,21294.0,0.07044237813468582,21309.0,,small,hybrid_v4_2,,archived_run_record,
kroD100.tsp,MSA-ACO,7,20265116,reconstructed_from_original_experiment_scripts,21294.0,21294.0,0.0,21294.0,,small,hybrid_v4_2,,archived_run_record,
kroD100.tsp,MSA-ACO,8,20265117,reconstructed_from_original_experiment_scripts,21309.0,21294.0,0.07044237813468582,21309.0,,small,hybrid_v4_2,,archived_run_record,
kroD100.tsp,MSA-ACO,9,20265118,reconstructed_from_original_experiment_scripts,21309.0,21294.0,0.07044237813468582,21309.0,,small,hybrid_v4_2,,archived_run_record,
kroD100.tsp,MSA-ACO,10,20265119,reconstructed_from_original_experiment_scripts,21294.0,21294.0,0.0,21294.0,,small,hybrid_v4_2,,archived_run_record,
kroE100.tsp,ACS,1,20402111,reconstructed_from_original_experiment_scripts,22349.0,22068.0,1.273336958491934,22349.0,17.91,small,acs_end_seq,20.0,archived_run_record,
kroE100.tsp,ACS,2,20402112,reconstructed_from_original_experiment_scripts,22587.0,22068.0,2.351821642196846,22587.0,16.93,small,acs_end_seq,20.0,archived_run_record,
kroE100.tsp,ACS,3,20402113,reconstructed_from_original_experiment_scripts,22921.0,22068.0,3.8653253579844113,22921.0,17.40,small,acs_end_seq,20.0,archived_run_record,
kroE100.tsp,ACS,4,20402114,reconstructed_from_original_experiment_scripts,22685.0,22068.0,2.7959035707812214,22685.0,17.83,small,acs_end_seq,20.0,archived_run_record,
kroE100.tsp,ACS,5,20402115,reconstructed_from_original_experiment_scripts,22732.0,22068.0,3.0088816385716877,22732.0,17.09,small,acs_end_seq,20.0,archived_run_record,
kroE100.tsp,ACS,6,20402116,reconstructed_from_original_experiment_scripts,22653.0,22068.0,2.65089722675367,22653.0,17.22,small,acs_end_seq,20.0,archived_run_record,
kroE100.tsp,ACS,7,20402117,reconstructed_from_original_experiment_scripts,22574.0,22068.0,2.2929128149356535,22574.0,17.50,small,acs_end_seq,20.0,archived_run_record,
kroE100.tsp,ACS,8,20402118,reconstructed_from_original_experiment_scripts,22673.0,22068.0,2.7415261917708897,22673.0,17.45,small,acs_end_seq,20.0,archived_run_record,
kroE100.tsp,ACS,9,20402119,reconstructed_from_original_experiment_scripts,22499.0,22068.0,1.9530541961210803,22499.0,19.70,small,acs_end_seq,20.0,archived_run_record,
kroE100.tsp,ACS,10,20402120,reconstructed_from_original_experiment_scripts,22720.0,22068.0,2.954504259561356,22720.0,19.52,small,acs_end_seq,20.0,archived_run_record,
kroE100.tsp,MMAS,1,20403111,reconstructed_from_original_experiment_scripts,23296.0,22068.0,5.564618452057277,23296.0,24.71,small,mmas,20.0,archived_run_record,
kroE100.tsp,MMAS,2,20403112,reconstructed_from_original_experiment_scripts,23750.0,22068.0,7.62189595794816,23750.0,24.31,small,mmas,20.0,archived_run_record,
kroE100.tsp,MMAS,3,20403113,reconstructed_from_original_experiment_scripts,23550.0,22068.0,6.715606307775965,23550.0,22.10,small,mmas,20.0,archived_run_record,
kroE100.tsp,MMAS,4,20403114,reconstructed_from_original_experiment_scripts,23843.0,22068.0,8.04332064527823,23843.0,23.00,small,mmas,20.0,archived_run_record,
kroE100.tsp,MMAS,5,20403115,reconstructed_from_original_experiment_scripts,23534.0,22068.0,6.643103135762189,23534.0,24.10,small,mmas,20.0,archived_run_record,
kroE100.tsp,MMAS,6,20403116,reconstructed_from_original_experiment_scripts,23711.0,22068.0,7.445169476164583,23711.0,21.72,small,mmas,20.0,archived_run_record,
kroE100.tsp,MMAS,7,20403117,reconstructed_from_original_experiment_scripts,23550.0,22068.0,6.715606307775965,23550.0,22.17,small,mmas,20.0,archived_run_record,
kroE100.tsp,MMAS,8,20403118,reconstructed_from_original_experiment_scripts,23373.0,22068.0,5.9135399673735725,23373.0,23.98,small,mmas,20.0,archived_run_record,
kroE100.tsp,MMAS,9,20403119,reconstructed_from_original_experiment_scripts,23192.0,22068.0,5.093347833967736,23192.0,22.28,small,mmas,20.0,archived_run_record,
kroE100.tsp,MMAS,10,20403120,reconstructed_from_original_experiment_scripts,23817.0,22068.0,7.925502990755845,23817.0,12.12,small,mmas,20.0,archived_run_record,
kroE100.tsp,MSA-ACO,1,20266110,reconstructed_from_original_experiment_scripts,22068.0,22068.0,0.0,22068.0,,small,hybrid_v4_2,,archived_run_record,
kroE100.tsp,MSA-ACO,2,20266111,reconstructed_from_original_experiment_scripts,22068.0,22068.0,0.0,22068.0,,small,hybrid_v4_2,,archived_run_record,
kroE100.tsp,MSA-ACO,3,20266112,reconstructed_from_original_experiment_scripts,22068.0,22068.0,0.0,22068.0,,small,hybrid_v4_2,,archived_run_record,
kroE100.tsp,MSA-ACO,4,20266113,reconstructed_from_original_experiment_scripts,22068.0,22068.0,0.0,22068.0,,small,hybrid_v4_2,,archived_run_record,
kroE100.tsp,MSA-ACO,5,20266114,reconstructed_from_original_experiment_scripts,22068.0,22068.0,0.0,22068.0,,small,hybrid_v4_2,,archived_run_record,
kroE100.tsp,MSA-ACO,6,20266115,reconstructed_from_original_experiment_scripts,22068.0,22068.0,0.0,22068.0,,small,hybrid_v4_2,,archived_run_record,
kroE100.tsp,MSA-ACO,7,20266116,reconstructed_from_original_experiment_scripts,22068.0,22068.0,0.0,22068.0,,small,hybrid_v4_2,,archived_run_record,
kroE100.tsp,MSA-ACO,8,20266117,reconstructed_from_original_experiment_scripts,22068.0,22068.0,0.0,22068.0,,small,hybrid_v4_2,,archived_run_record,
kroE100.tsp,MSA-ACO,9,20266118,reconstructed_from_original_experiment_scripts,22068.0,22068.0,0.0,22068.0,,small,hybrid_v4_2,,archived_run_record,
kroE100.tsp,MSA-ACO,10,20266119,reconstructed_from_original_experiment_scripts,22068.0,22068.0,0.0,22068.0,,small,hybrid_v4_2,,archived_run_record,
eil101.tsp,ACS,1,20412111,reconstructed_from_original_experiment_scripts,649.0,629.0,3.1796502384737675,649.0,18.42,small,acs_end_seq,20.0,archived_run_record,
eil101.tsp,ACS,2,20412112,reconstructed_from_original_experiment_scripts,655.0,629.0,4.133545310015898,655.0,17.69,small,acs_end_seq,20.0,archived_run_record,
eil101.tsp,ACS,3,20412113,reconstructed_from_original_experiment_scripts,682.0,629.0,8.426073131955485,682.0,18.03,small,acs_end_seq,20.0,archived_run_record,
eil101.tsp,ACS,4,20412114,reconstructed_from_original_experiment_scripts,651.0,629.0,3.4976152623211445,651.0,16.97,small,acs_end_seq,20.0,archived_run_record,
eil101.tsp,ACS,5,20412115,reconstructed_from_original_experiment_scripts,646.0,629.0,2.7027027027027026,646.0,16.86,small,acs_end_seq,20.0,archived_run_record,
eil101.tsp,ACS,6,20412116,reconstructed_from_original_experiment_scripts,652.0,629.0,3.6565977742448332,652.0,17.93,small,acs_end_seq,20.0,archived_run_record,
eil101.tsp,ACS,7,20412117,reconstructed_from_original_experiment_scripts,647.0,629.0,2.8616852146263914,647.0,18.41,small,acs_end_seq,20.0,archived_run_record,
eil101.tsp,ACS,8,20412118,reconstructed_from_original_experiment_scripts,664.0,629.0,5.5643879173290935,664.0,17.81,small,acs_end_seq,20.0,archived_run_record,
eil101.tsp,ACS,9,20412119,reconstructed_from_original_experiment_scripts,642.0,629.0,2.066772655007949,642.0,19.56,small,acs_end_seq,20.0,archived_run_record,
eil101.tsp,ACS,10,20412120,reconstructed_from_original_experiment_scripts,660.0,629.0,4.92845786963434,660.0,19.89,small,acs_end_seq,20.0,archived_run_record,
eil101.tsp,MMAS,1,20413111,reconstructed_from_original_experiment_scripts,705.0,629.0,12.082670906200319,705.0,24.68,small,mmas,20.0,archived_run_record,
eil101.tsp,MMAS,2,20413112,reconstructed_from_original_experiment_scripts,690.0,629.0,9.697933227344992,690.0,24.61,small,mmas,20.0,archived_run_record,
eil101.tsp,MMAS,3,20413113,reconstructed_from_original_experiment_scripts,699.0,629.0,11.128775834658187,699.0,19.94,small,mmas,20.0,archived_run_record,
eil101.tsp,MMAS,4,20413114,reconstructed_from_original_experiment_scripts,708.0,629.0,12.559618441971383,708.0,24.18,small,mmas,20.0,archived_run_record,
eil101.tsp,MMAS,5,20413115,reconstructed_from_original_experiment_scripts,710.0,629.0,12.87758346581876,710.0,24.87,small,mmas,20.0,archived_run_record,
eil101.tsp,MMAS,6,20413116,reconstructed_from_original_experiment_scripts,708.0,629.0,12.559618441971383,708.0,25.22,small,mmas,20.0,archived_run_record,
eil101.tsp,MMAS,7,20413117,reconstructed_from_original_experiment_scripts,700.0,629.0,11.287758346581876,700.0,24.18,small,mmas,20.0,archived_run_record,
eil101.tsp,MMAS,8,20413118,reconstructed_from_original_experiment_scripts,699.0,629.0,11.128775834658187,699.0,24.71,small,mmas,20.0,archived_run_record,
eil101.tsp,MMAS,9,20413119,reconstructed_from_original_experiment_scripts,710.0,629.0,12.87758346581876,710.0,24.81,small,mmas,20.0,archived_run_record,
eil101.tsp,MMAS,10,20413120,reconstructed_from_original_experiment_scripts,711.0,629.0,13.036565977742448,711.0,13.15,small,mmas,20.0,archived_run_record,
eil101.tsp,MSA-ACO,1,20267110,reconstructed_from_original_experiment_scripts,630.0,629.0,0.1589825119236884,630.0,,small,hybrid_v4_2,,archived_run_record,
eil101.tsp,MSA-ACO,2,20267111,reconstructed_from_original_experiment_scripts,634.0,629.0,0.7949125596184419,634.0,,small,hybrid_v4_2,,archived_run_record,
eil101.tsp,MSA-ACO,3,20267112,reconstructed_from_original_experiment_scripts,631.0,629.0,0.3179650238473768,631.0,,small,hybrid_v4_2,,archived_run_record,
eil101.tsp,MSA-ACO,4,20267113,reconstructed_from_original_experiment_scripts,631.0,629.0,0.3179650238473768,631.0,,small,hybrid_v4_2,,archived_run_record,
eil101.tsp,MSA-ACO,5,20267114,reconstructed_from_original_experiment_scripts,629.0,629.0,0.0,629.0,,small,hybrid_v4_2,,archived_run_record,
eil101.tsp,MSA-ACO,6,20267115,reconstructed_from_original_experiment_scripts,634.0,629.0,0.7949125596184419,634.0,,small,hybrid_v4_2,,archived_run_record,
eil101.tsp,MSA-ACO,7,20267116,reconstructed_from_original_experiment_scripts,636.0,629.0,1.1128775834658187,636.0,,small,hybrid_v4_2,,archived_run_record,
eil101.tsp,MSA-ACO,8,20267117,reconstructed_from_original_experiment_scripts,632.0,629.0,0.47694753577106513,632.0,,small,hybrid_v4_2,,archived_run_record,
eil101.tsp,MSA-ACO,9,20267118,reconstructed_from_original_experiment_scripts,633.0,629.0,0.6359300476947536,633.0,,small,hybrid_v4_2,,archived_run_record,
eil101.tsp,MSA-ACO,10,20267119,reconstructed_from_original_experiment_scripts,629.0,629.0,0.0,629.0,,small,hybrid_v4_2,,archived_run_record,
lin105.tsp,ACS,1,20422111,reconstructed_from_original_experiment_scripts,14571.0,14379.0,1.3352806175672856,14571.0,17.97,small,acs_end_seq,20.0,archived_run_record,
lin105.tsp,ACS,2,20422112,reconstructed_from_original_experiment_scripts,14673.0,14379.0,2.0446484456499063,14673.0,19.09,small,acs_end_seq,20.0,archived_run_record,
lin105.tsp,ACS,3,20422113,reconstructed_from_original_experiment_scripts,14672.0,14379.0,2.037693859100077,14672.0,18.37,small,acs_end_seq,20.0,archived_run_record,
lin105.tsp,ACS,4,20422114,reconstructed_from_original_experiment_scripts,14560.0,14379.0,1.2587801655191597,14560.0,18.84,small,acs_end_seq,20.0,archived_run_record,
lin105.tsp,ACS,5,20422115,reconstructed_from_original_experiment_scripts,14555.0,14379.0,1.2240072327700118,14555.0,19.23,small,acs_end_seq,20.0,archived_run_record,
lin105.tsp,ACS,6,20422116,reconstructed_from_original_experiment_scripts,14598.0,14379.0,1.5230544544126852,14598.0,19.10,small,acs_end_seq,20.0,archived_run_record,
lin105.tsp,ACS,7,20422117,reconstructed_from_original_experiment_scripts,14527.0,14379.0,1.0292788093747827,14527.0,19.00,small,acs_end_seq,20.0,archived_run_record,
lin105.tsp,ACS,8,20422118,reconstructed_from_original_experiment_scripts,14637.0,14379.0,1.79428332985604,14637.0,19.38,small,acs_end_seq,20.0,archived_run_record,
lin105.tsp,ACS,9,20422119,reconstructed_from_original_experiment_scripts,14489.0,14379.0,0.7650045204812574,14489.0,21.34,small,acs_end_seq,20.0,archived_run_record,
lin105.tsp,ACS,10,20422120,reconstructed_from_original_experiment_scripts,14746.0,14379.0,2.552333263787468,14746.0,21.40,small,acs_end_seq,20.0,archived_run_record,
lin105.tsp,MMAS,1,20423111,reconstructed_from_original_experiment_scripts,14840.0,14379.0,3.206064399471451,14840.0,26.10,small,mmas,20.0,archived_run_record,
lin105.tsp,MMAS,2,20423112,reconstructed_from_original_experiment_scripts,15139.0,14379.0,5.285485777870505,15139.0,26.90,small,mmas,20.0,archived_run_record,
lin105.tsp,MMAS,3,20423113,reconstructed_from_original_experiment_scripts,15045.0,14379.0,4.631754642186522,15045.0,22.10,small,mmas,20.0,archived_run_record,
lin105.tsp,MMAS,4,20423114,reconstructed_from_original_experiment_scripts,15202.0,14379.0,5.723624730509772,15202.0,24.66,small,mmas,20.0,archived_run_record,
lin105.tsp,MMAS,5,20423115,reconstructed_from_original_experiment_scripts,14799.0,14379.0,2.9209263509284376,14799.0,25.66,small,mmas,20.0,archived_run_record,
lin105.tsp,MMAS,6,20423116,reconstructed_from_original_experiment_scripts,15136.0,14379.0,5.264622018221017,15136.0,23.80,small,mmas,20.0,archived_run_record,
lin105.tsp,MMAS,7,20423117,reconstructed_from_original_experiment_scripts,15108.0,14379.0,5.069893594825787,15108.0,27.46,small,mmas,20.0,archived_run_record,
lin105.tsp,MMAS,8,20423118,reconstructed_from_original_experiment_scripts,15086.0,14379.0,4.916892690729536,15086.0,24.30,small,mmas,20.0,archived_run_record,
lin105.tsp,MMAS,9,20423119,reconstructed_from_original_experiment_scripts,14788.0,14379.0,2.8444258988803117,14788.0,26.89,small,mmas,20.0,archived_run_record,
lin105.tsp,MMAS,10,20423120,reconstructed_from_original_experiment_scripts,15027.0,14379.0,4.506572084289589,15027.0,14.44,small,mmas,20.0,archived_run_record,
lin105.tsp,MSA-ACO,1,20268110,reconstructed_from_original_experiment_scripts,14379.0,14379.0,0.0,14379.0,,small,hybrid_v4_2,,archived_run_record,
lin105.tsp,MSA-ACO,2,20268111,reconstructed_from_original_experiment_scripts,14379.0,14379.0,0.0,14379.0,,small,hybrid_v4_2,,archived_run_record,
lin105.tsp,MSA-ACO,3,20268112,reconstructed_from_original_experiment_scripts,14379.0,14379.0,0.0,14379.0,,small,hybrid_v4_2,,archived_run_record,
lin105.tsp,MSA-ACO,4,20268113,reconstructed_from_original_experiment_scripts,14379.0,14379.0,0.0,14379.0,,small,hybrid_v4_2,,archived_run_record,
lin105.tsp,MSA-ACO,5,20268114,reconstructed_from_original_experiment_scripts,14379.0,14379.0,0.0,14379.0,,small,hybrid_v4_2,,archived_run_record,
lin105.tsp,MSA-ACO,6,20268115,reconstructed_from_original_experiment_scripts,14379.0,14379.0,0.0,14379.0,,small,hybrid_v4_2,,archived_run_record,
lin105.tsp,MSA-ACO,7,20268116,reconstructed_from_original_experiment_scripts,14379.0,14379.0,0.0,14379.0,,small,hybrid_v4_2,,archived_run_record,
lin105.tsp,MSA-ACO,8,20268117,reconstructed_from_original_experiment_scripts,14379.0,14379.0,0.0,14379.0,,small,hybrid_v4_2,,archived_run_record,
lin105.tsp,MSA-ACO,9,20268118,reconstructed_from_original_experiment_scripts,14379.0,14379.0,0.0,14379.0,,small,hybrid_v4_2,,archived_run_record,
lin105.tsp,MSA-ACO,10,20268119,reconstructed_from_original_experiment_scripts,14379.0,14379.0,0.0,14379.0,,small,hybrid_v4_2,,archived_run_record,
pr107.tsp,ACS,1,20432111,reconstructed_from_original_experiment_scripts,45898.0,44303.0,3.6002076608807534,45898.0,20.15,small,acs_end_seq,20.0,archived_run_record,
pr107.tsp,ACS,2,20432112,reconstructed_from_original_experiment_scripts,45846.0,44303.0,3.482834119585581,45846.0,20.86,small,acs_end_seq,20.0,archived_run_record,
pr107.tsp,ACS,3,20432113,reconstructed_from_original_experiment_scripts,46530.0,44303.0,5.02674762431438,46530.0,20.71,small,acs_end_seq,20.0,archived_run_record,
pr107.tsp,ACS,4,20432114,reconstructed_from_original_experiment_scripts,45845.0,44303.0,3.4805769360991357,45845.0,19.86,small,acs_end_seq,20.0,archived_run_record,
pr107.tsp,ACS,5,20432115,reconstructed_from_original_experiment_scripts,45675.0,44303.0,3.096855743403381,45675.0,20.50,small,acs_end_seq,20.0,archived_run_record,
pr107.tsp,ACS,6,20432116,reconstructed_from_original_experiment_scripts,46385.0,44303.0,4.699456018779767,46385.0,20.32,small,acs_end_seq,20.0,archived_run_record,
pr107.tsp,ACS,7,20432117,reconstructed_from_original_experiment_scripts,45626.0,44303.0,2.986253752567546,45626.0,20.27,small,acs_end_seq,20.0,archived_run_record,
pr107.tsp,ACS,8,20432118,reconstructed_from_original_experiment_scripts,47344.0,44303.0,6.864094982281109,47344.0,23.01,small,acs_end_seq,20.0,archived_run_record,
pr107.tsp,ACS,9,20432119,reconstructed_from_original_experiment_scripts,46150.0,44303.0,4.1690178994650475,46150.0,19.45,small,acs_end_seq,20.0,archived_run_record,
pr107.tsp,ACS,10,20432120,reconstructed_from_original_experiment_scripts,46256.0,44303.0,4.408279349028282,46256.0,22.99,small,acs_end_seq,20.0,archived_run_record,
pr107.tsp,MMAS,1,20433111,reconstructed_from_original_experiment_scripts,45834.0,44303.0,3.4557479177482335,45834.0,24.60,small,mmas,20.0,archived_run_record,
pr107.tsp,MMAS,2,20433112,reconstructed_from_original_experiment_scripts,45740.0,44303.0,3.243572670022346,45740.0,27.46,small,mmas,20.0,archived_run_record,
pr107.tsp,MMAS,3,20433113,reconstructed_from_original_experiment_scripts,45489.0,44303.0,2.6770196149244976,45489.0,28.45,small,mmas,20.0,archived_run_record,
pr107.tsp,MMAS,4,20433114,reconstructed_from_original_experiment_scripts,45855.0,44303.0,3.503148770963592,45855.0,28.44,small,mmas,20.0,archived_run_record,
pr107.tsp,MMAS,5,20433115,reconstructed_from_original_experiment_scripts,45633.0,44303.0,3.0020540369726656,45633.0,28.88,small,mmas,20.0,archived_run_record,
pr107.tsp,MMAS,6,20433116,reconstructed_from_original_experiment_scripts,45801.0,44303.0,3.3812608626955285,45801.0,24.92,small,mmas,20.0,archived_run_record,
pr107.tsp,MMAS,7,20433117,reconstructed_from_original_experiment_scripts,45488.0,44303.0,2.6747624314380514,45488.0,22.63,small,mmas,20.0,archived_run_record,
pr107.tsp,MMAS,8,20433118,reconstructed_from_original_experiment_scripts,45552.0,44303.0,2.819222174570571,45552.0,28.11,small,mmas,20.0,archived_run_record,
pr107.tsp,MMAS,9,20433119,reconstructed_from_original_experiment_scripts,45890.0,44303.0,3.5821501929891886,45890.0,26.74,small,mmas,20.0,archived_run_record,
pr107.tsp,MMAS,10,20433120,reconstructed_from_original_experiment_scripts,45573.0,44303.0,2.866623027785929,45573.0,15.18,small,mmas,20.0,archived_run_record,
pr107.tsp,MSA-ACO,1,20269110,reconstructed_from_original_experiment_scripts,44358.0,44303.0,0.12414509175450873,44358.0,,small,hybrid_v4_2,,archived_run_record,
pr107.tsp,MSA-ACO,2,20269111,reconstructed_from_original_experiment_scripts,44303.0,44303.0,0.0,44303.0,,small,hybrid_v4_2,,archived_run_record,
pr107.tsp,MSA-ACO,3,20269112,reconstructed_from_original_experiment_scripts,44303.0,44303.0,0.0,44303.0,,small,hybrid_v4_2,,archived_run_record,
pr107.tsp,MSA-ACO,4,20269113,reconstructed_from_original_experiment_scripts,44303.0,44303.0,0.0,44303.0,,small,hybrid_v4_2,,archived_run_record,
pr107.tsp,MSA-ACO,5,20269114,reconstructed_from_original_experiment_scripts,44303.0,44303.0,0.0,44303.0,,small,hybrid_v4_2,,archived_run_record,
pr107.tsp,MSA-ACO,6,20269115,reconstructed_from_original_experiment_scripts,44303.0,44303.0,0.0,44303.0,,small,hybrid_v4_2,,archived_run_record,
pr107.tsp,MSA-ACO,7,20269116,reconstructed_from_original_experiment_scripts,44303.0,44303.0,0.0,44303.0,,small,hybrid_v4_2,,archived_run_record,
pr107.tsp,MSA-ACO,8,20269117,reconstructed_from_original_experiment_scripts,44387.0,44303.0,0.1896034128614315,44387.0,,small,hybrid_v4_2,,archived_run_record,
pr107.tsp,MSA-ACO,9,20269118,reconstructed_from_original_experiment_scripts,44303.0,44303.0,0.0,44303.0,,small,hybrid_v4_2,,archived_run_record,
pr107.tsp,MSA-ACO,10,20269119,reconstructed_from_original_experiment_scripts,44303.0,44303.0,0.0,44303.0,,small,hybrid_v4_2,,archived_run_record,
bier127.tsp,ACS,1,20442111,reconstructed_from_original_experiment_scripts,123487.0,118282.0,4.400500498807934,123487.0,25.46,medium,acs_end_seq,20.0,archived_run_record,
bier127.tsp,ACS,2,20442112,reconstructed_from_original_experiment_scripts,123657.0,118282.0,4.544224818653726,123657.0,29.82,medium,acs_end_seq,20.0,archived_run_record,
bier127.tsp,ACS,3,20442113,reconstructed_from_original_experiment_scripts,124701.0,118282.0,5.426861229942003,124701.0,26.64,medium,acs_end_seq,20.0,archived_run_record,
bier127.tsp,ACS,4,20442114,reconstructed_from_original_experiment_scripts,121247.0,118282.0,2.5067212255457294,121247.0,27.04,medium,acs_end_seq,20.0,archived_run_record,
bier127.tsp,ACS,5,20442115,reconstructed_from_original_experiment_scripts,123537.0,118282.0,4.442772357586108,123537.0,26.28,medium,acs_end_seq,20.0,archived_run_record,
bier127.tsp,ACS,6,20442116,reconstructed_from_original_experiment_scripts,123565.0,118282.0,4.4664445985018855,123565.0,26.52,medium,acs_end_seq,20.0,archived_run_record,
bier127.tsp,ACS,7,20442117,reconstructed_from_original_experiment_scripts,121523.0,118282.0,2.7400618860012513,121523.0,26.26,medium,acs_end_seq,20.0,archived_run_record,
bier127.tsp,ACS,8,20442118,reconstructed_from_original_experiment_scripts,123447.0,118282.0,4.366683011785395,123447.0,26.79,medium,acs_end_seq,20.0,archived_run_record,
bier127.tsp,ACS,9,20442119,reconstructed_from_original_experiment_scripts,123797.0,118282.0,4.662586023232613,123797.0,26.26,medium,acs_end_seq,20.0,archived_run_record,
bier127.tsp,ACS,10,20442120,reconstructed_from_original_experiment_scripts,122795.0,118282.0,3.8154579733180025,122795.0,29.17,medium,acs_end_seq,20.0,archived_run_record,
bier127.tsp,MMAS,1,20443111,reconstructed_from_original_experiment_scripts,124247.0,118282.0,5.043032752236181,124247.0,38.08,medium,mmas,20.0,archived_run_record,
bier127.tsp,MMAS,2,20443112,reconstructed_from_original_experiment_scripts,123408.0,118282.0,4.333710961938418,123408.0,37.69,medium,mmas,20.0,archived_run_record,
bier127.tsp,MMAS,3,20443113,reconstructed_from_original_experiment_scripts,124405.0,118282.0,5.176611825975211,124405.0,38.54,medium,mmas,20.0,archived_run_record,
bier127.tsp,MMAS,4,20443114,reconstructed_from_original_experiment_scripts,124035.0,118282.0,4.863800071016723,124035.0,38.11,medium,mmas,20.0,archived_run_record,
bier127.tsp,MMAS,5,20443115,reconstructed_from_original_experiment_scripts,124217.0,118282.0,5.017669636969277,124217.0,38.54,medium,mmas,20.0,archived_run_record,
bier127.tsp,MMAS,6,20443116,reconstructed_from_original_experiment_scripts,123317.0,118282.0,4.256776178962141,123317.0,29.72,medium,mmas,20.0,archived_run_record,
bier127.tsp,MMAS,7,20443117,reconstructed_from_original_experiment_scripts,123666.0,118282.0,4.551833753233797,123666.0,36.04,medium,mmas,20.0,archived_run_record,
bier127.tsp,MMAS,8,20443118,reconstructed_from_original_experiment_scripts,124406.0,118282.0,5.177457263150775,124406.0,36.27,medium,mmas,20.0,archived_run_record,
bier127.tsp,MMAS,9,20443119,reconstructed_from_original_experiment_scripts,123330.0,118282.0,4.267766862244467,123330.0,37.54,medium,mmas,20.0,archived_run_record,
bier127.tsp,MMAS,10,20443120,reconstructed_from_original_experiment_scripts,123570.0,118282.0,4.470671784379703,123570.0,22.44,medium,mmas,20.0,archived_run_record,
bier127.tsp,MSA-ACO,1,20270110,reconstructed_from_original_experiment_scripts,118282.0,118282.0,0.0,118282.0,,medium,hybrid_v4_2,,archived_run_record,
bier127.tsp,MSA-ACO,2,20270111,reconstructed_from_original_experiment_scripts,118423.0,118282.0,0.11920664175445123,118423.0,,medium,hybrid_v4_2,,archived_run_record,
bier127.tsp,MSA-ACO,3,20270112,reconstructed_from_original_experiment_scripts,118461.0,118282.0,0.1513332544258636,118461.0,,medium,hybrid_v4_2,,archived_run_record,
bier127.tsp,MSA-ACO,4,20270113,reconstructed_from_original_experiment_scripts,118550.0,118282.0,0.2265771630510137,118550.0,,medium,hybrid_v4_2,,archived_run_record,
bier127.tsp,MSA-ACO,5,20270114,reconstructed_from_original_experiment_scripts,118549.0,118282.0,0.22573172587545018,118549.0,,medium,hybrid_v4_2,,archived_run_record,
bier127.tsp,MSA-ACO,6,20270115,reconstructed_from_original_experiment_scripts,118313.0,118282.0,0.026208552442468003,118313.0,,medium,hybrid_v4_2,,archived_run_record,
bier127.tsp,MSA-ACO,7,20270116,reconstructed_from_original_experiment_scripts,118454.0,118282.0,0.14541519419691923,118454.0,,medium,hybrid_v4_2,,archived_run_record,
bier127.tsp,MSA-ACO,8,20270117,reconstructed_from_original_experiment_scripts,118423.0,118282.0,0.11920664175445123,118423.0,,medium,hybrid_v4_2,,archived_run_record,
bier127.tsp,MSA-ACO,9,20270118,reconstructed_from_original_experiment_scripts,118282.0,118282.0,0.0,118282.0,,medium,hybrid_v4_2,,archived_run_record,
bier127.tsp,MSA-ACO,10,20270119,reconstructed_from_original_experiment_scripts,118282.0,118282.0,0.0,118282.0,,medium,hybrid_v4_2,,archived_run_record,
ch130.tsp,ACS,1,20452111,reconstructed_from_original_experiment_scripts,6228.0,6110.0,1.9312602291325693,6228.0,29.74,medium,acs_end_seq,20.0,archived_run_record,
ch130.tsp,ACS,2,20452112,reconstructed_from_original_experiment_scripts,6285.0,6110.0,2.8641571194762685,6285.0,28.93,medium,acs_end_seq,20.0,archived_run_record,
ch130.tsp,ACS,3,20452113,reconstructed_from_original_experiment_scripts,6366.0,6110.0,4.189852700490999,6366.0,28.87,medium,acs_end_seq,20.0,archived_run_record,
ch130.tsp,ACS,4,20452114,reconstructed_from_original_experiment_scripts,6262.0,6110.0,2.4877250409165304,6262.0,28.80,medium,acs_end_seq,20.0,archived_run_record,
ch130.tsp,ACS,5,20452115,reconstructed_from_original_experiment_scripts,6314.0,6110.0,3.3387888707037643,6314.0,27.42,medium,acs_end_seq,20.0,archived_run_record,
ch130.tsp,ACS,6,20452116,reconstructed_from_original_experiment_scripts,6367.0,6110.0,4.2062193126022915,6367.0,28.98,medium,acs_end_seq,20.0,archived_run_record,
ch130.tsp,ACS,7,20452117,reconstructed_from_original_experiment_scripts,6259.0,6110.0,2.4386252045826513,6259.0,32.77,medium,acs_end_seq,20.0,archived_run_record,
ch130.tsp,ACS,8,20452118,reconstructed_from_original_experiment_scripts,6287.0,6110.0,2.8968903436988542,6287.0,29.46,medium,acs_end_seq,20.0,archived_run_record,
ch130.tsp,ACS,9,20452119,reconstructed_from_original_experiment_scripts,6453.0,6110.0,5.613747954173486,6453.0,32.82,medium,acs_end_seq,20.0,archived_run_record,
ch130.tsp,ACS,10,20452120,reconstructed_from_original_experiment_scripts,6296.0,6110.0,3.044189852700491,6296.0,27.82,medium,acs_end_seq,20.0,archived_run_record,
ch130.tsp,MMAS,1,20453111,reconstructed_from_original_experiment_scripts,6445.0,6110.0,5.482815057283143,6445.0,36.78,medium,mmas,20.0,archived_run_record,
ch130.tsp,MMAS,2,20453112,reconstructed_from_original_experiment_scripts,6566.0,6110.0,7.463175122749591,6566.0,41.00,medium,mmas,20.0,archived_run_record,
ch130.tsp,MMAS,3,20453113,reconstructed_from_original_experiment_scripts,6395.0,6110.0,4.6644844517184945,6395.0,41.36,medium,mmas,20.0,archived_run_record,
ch130.tsp,MMAS,4,20453114,reconstructed_from_original_experiment_scripts,6523.0,6110.0,6.759410801963993,6523.0,37.35,medium,mmas,20.0,archived_run_record,
ch130.tsp,MMAS,5,20453115,reconstructed_from_original_experiment_scripts,6469.0,6110.0,5.875613747954174,6469.0,41.22,medium,mmas,20.0,archived_run_record,
ch130.tsp,MMAS,6,20453116,reconstructed_from_original_experiment_scripts,6479.0,6110.0,6.039279869067103,6479.0,40.39,medium,mmas,20.0,archived_run_record,
ch130.tsp,MMAS,7,20453117,reconstructed_from_original_experiment_scripts,6390.0,6110.0,4.582651391162029,6390.0,40.22,medium,mmas,20.0,archived_run_record,
ch130.tsp,MMAS,8,20453118,reconstructed_from_original_experiment_scripts,6364.0,6110.0,4.157119476268412,6364.0,39.24,medium,mmas,20.0,archived_run_record,
ch130.tsp,MMAS,9,20453119,reconstructed_from_original_experiment_scripts,6515.0,6110.0,6.62847790507365,6515.0,39.88,medium,mmas,20.0,archived_run_record,
ch130.tsp,MMAS,10,20453120,reconstructed_from_original_experiment_scripts,6480.0,6110.0,6.055646481178396,6480.0,20.32,medium,mmas,20.0,archived_run_record,
ch130.tsp,MSA-ACO,1,20271110,reconstructed_from_original_experiment_scripts,6145.0,6110.0,0.5728314238952537,6145.0,,medium,hybrid_v4_2,,archived_run_record,
ch130.tsp,MSA-ACO,2,20271111,reconstructed_from_original_experiment_scripts,6145.0,6110.0,0.5728314238952537,6145.0,,medium,hybrid_v4_2,,archived_run_record,
ch130.tsp,MSA-ACO,3,20271112,reconstructed_from_original_experiment_scripts,6139.0,6110.0,0.47463175122749596,6139.0,,medium,hybrid_v4_2,,archived_run_record,
ch130.tsp,MSA-ACO,4,20271113,reconstructed_from_original_experiment_scripts,6139.0,6110.0,0.47463175122749596,6139.0,,medium,hybrid_v4_2,,archived_run_record,
ch130.tsp,MSA-ACO,5,20271114,reconstructed_from_original_experiment_scripts,6139.0,6110.0,0.47463175122749596,6139.0,,medium,hybrid_v4_2,,archived_run_record,
ch130.tsp,MSA-ACO,6,20271115,reconstructed_from_original_experiment_scripts,6161.0,6110.0,0.8346972176759411,6161.0,,medium,hybrid_v4_2,,archived_run_record,
ch130.tsp,MSA-ACO,7,20271116,reconstructed_from_original_experiment_scripts,6135.0,6110.0,0.4091653027823241,6135.0,,medium,hybrid_v4_2,,archived_run_record,
ch130.tsp,MSA-ACO,8,20271117,reconstructed_from_original_experiment_scripts,6145.0,6110.0,0.5728314238952537,6145.0,,medium,hybrid_v4_2,,archived_run_record,
ch130.tsp,MSA-ACO,9,20271118,reconstructed_from_original_experiment_scripts,6132.0,6110.0,0.36006546644844517,6132.0,,medium,hybrid_v4_2,,archived_run_record,
ch130.tsp,MSA-ACO,10,20271119,reconstructed_from_original_experiment_scripts,6115.0,6110.0,0.08183306055646482,6131.0,,medium,hybrid_v4_2,,manuscript_recovered_best,Recovered from the manuscript-reported observed best; the archived export omitted this value.
gr137.tsp,ACS,1,20462111,reconstructed_from_original_experiment_scripts,70560.0,69853.0,1.012125463473294,70560.0,44.12,medium,acs_end_seq,20.0,archived_run_record,
gr137.tsp,ACS,2,20462112,reconstructed_from_original_experiment_scripts,71932.0,69853.0,2.9762501252630527,71932.0,46.71,medium,acs_end_seq,20.0,archived_run_record,
gr137.tsp,ACS,3,20462113,reconstructed_from_original_experiment_scripts,70561.0,69853.0,1.0135570412151231,70561.0,41.70,medium,acs_end_seq,20.0,archived_run_record,
gr137.tsp,ACS,4,20462114,reconstructed_from_original_experiment_scripts,70309.0,69853.0,0.6527994502741471,70309.0,41.46,medium,acs_end_seq,20.0,archived_run_record,
gr137.tsp,ACS,5,20462115,reconstructed_from_original_experiment_scripts,71049.0,69853.0,1.712166979227807,71049.0,46.13,medium,acs_end_seq,20.0,archived_run_record,
gr137.tsp,ACS,6,20462116,reconstructed_from_original_experiment_scripts,71616.0,69853.0,2.523871558845003,71616.0,44.75,medium,acs_end_seq,20.0,archived_run_record,
gr137.tsp,ACS,7,20462117,reconstructed_from_original_experiment_scripts,70830.0,69853.0,1.3986514537671968,70830.0,41.10,medium,acs_end_seq,20.0,archived_run_record,
gr137.tsp,ACS,8,20462118,reconstructed_from_original_experiment_scripts,72295.0,69853.0,3.495912845547077,72295.0,46.11,medium,acs_end_seq,20.0,archived_run_record,
gr137.tsp,ACS,9,20462119,reconstructed_from_original_experiment_scripts,71568.0,69853.0,2.455155827237198,71568.0,46.29,medium,acs_end_seq,20.0,archived_run_record,
gr137.tsp,ACS,10,20462120,reconstructed_from_original_experiment_scripts,71746.0,69853.0,2.709976665282808,71746.0,44.51,medium,acs_end_seq,20.0,archived_run_record,
gr137.tsp,MMAS,1,20463111,reconstructed_from_original_experiment_scripts,75833.0,69853.0,8.560834896139035,75833.0,41.49,medium,mmas,20.0,archived_run_record,
gr137.tsp,MMAS,2,20463112,reconstructed_from_original_experiment_scripts,76028.0,69853.0,8.839992555795742,76028.0,44.88,medium,mmas,20.0,archived_run_record,
gr137.tsp,MMAS,3,20463113,reconstructed_from_original_experiment_scripts,73841.0,69853.0,5.709132034415129,73841.0,44.62,medium,mmas,20.0,archived_run_record,
gr137.tsp,MMAS,4,20463114,reconstructed_from_original_experiment_scripts,74625.0,69853.0,6.831488984009276,74625.0,44.27,medium,mmas,20.0,archived_run_record,
gr137.tsp,MMAS,5,20463115,reconstructed_from_original_experiment_scripts,74683.0,69853.0,6.914520493035374,74683.0,46.13,medium,mmas,20.0,archived_run_record,
gr137.tsp,MMAS,6,20463116,reconstructed_from_original_experiment_scripts,75182.0,69853.0,7.62887778620818,75182.0,44.62,medium,mmas,20.0,archived_run_record,
gr137.tsp,MMAS,7,20463117,reconstructed_from_original_experiment_scripts,74996.0,69853.0,7.3626043262279355,74996.0,44.64,medium,mmas,20.0,archived_run_record,
gr137.tsp,MMAS,8,20463118,reconstructed_from_original_experiment_scripts,74905.0,69853.0,7.232330751721472,74905.0,41.41,medium,mmas,20.0,archived_run_record,
gr137.tsp,MMAS,9,20463119,reconstructed_from_original_experiment_scripts,75834.0,69853.0,8.562266473880864,75834.0,44.58,medium,mmas,20.0,archived_run_record,
gr137.tsp,MMAS,10,20463120,reconstructed_from_original_experiment_scripts,73840.0,69853.0,5.707700456673299,73840.0,23.35,medium,mmas,20.0,archived_run_record,
gr137.tsp,MSA-ACO,1,20272110,reconstructed_from_original_experiment_scripts,70192.0,69853.0,0.48530485448012256,70192.0,,medium,hybrid_v4_2,,archived_run_record,
gr137.tsp,MSA-ACO,2,20272111,reconstructed_from_original_experiment_scripts,69978.0,69853.0,0.17894721772865876,69978.0,,medium,hybrid_v4_2,,archived_run_record,
gr137.tsp,MSA-ACO,3,20272112,reconstructed_from_original_experiment_scripts,69951.0,69853.0,0.14029461869926846,69951.0,,medium,hybrid_v4_2,,archived_run_record,
gr137.tsp,MSA-ACO,4,20272113,reconstructed_from_original_experiment_scripts,69856.0,69853.0,0.00429473322548781,69856.0,,medium,hybrid_v4_2,,archived_run_record,
gr137.tsp,MSA-ACO,5,20272114,reconstructed_from_original_experiment_scripts,70103.0,69853.0,0.35789443545731753,70103.0,,medium,hybrid_v4_2,,archived_run_record,
gr137.tsp,MSA-ACO,6,20272115,reconstructed_from_original_experiment_scripts,69856.0,69853.0,0.00429473322548781,69856.0,,medium,hybrid_v4_2,,archived_run_record,
gr137.tsp,MSA-ACO,7,20272116,reconstructed_from_original_experiment_scripts,69948.0,69853.0,0.13599988547378067,69948.0,,medium,hybrid_v4_2,,archived_run_record,
gr137.tsp,MSA-ACO,8,20272117,reconstructed_from_original_experiment_scripts,70139.0,69853.0,0.4094312341631713,70139.0,,medium,hybrid_v4_2,,archived_run_record,
gr137.tsp,MSA-ACO,9,20272118,reconstructed_from_original_experiment_scripts,70056.0,69853.0,0.29061028159134183,70056.0,,medium,hybrid_v4_2,,archived_run_record,
gr137.tsp,MSA-ACO,10,20272119,reconstructed_from_original_experiment_scripts,69983.0,69853.0,0.18610510643780512,69983.0,,medium,hybrid_v4_2,,archived_run_record,
ch150.tsp,ACS,1,20472111,reconstructed_from_original_experiment_scripts,6797.0,6528.0,4.120710784313726,6797.0,39.88,medium,acs_end_seq,20.0,archived_run_record,
ch150.tsp,ACS,2,20472112,reconstructed_from_original_experiment_scripts,6725.0,6528.0,3.017769607843137,6725.0,40.07,medium,acs_end_seq,20.0,archived_run_record,
ch150.tsp,ACS,3,20472113,reconstructed_from_original_experiment_scripts,6694.0,6528.0,2.542892156862745,6694.0,37.94,medium,acs_end_seq,20.0,archived_run_record,
ch150.tsp,ACS,4,20472114,reconstructed_from_original_experiment_scripts,6718.0,6528.0,2.9105392156862746,6718.0,39.31,medium,acs_end_seq,20.0,archived_run_record,
ch150.tsp,ACS,5,20472115,reconstructed_from_original_experiment_scripts,6725.0,6528.0,3.017769607843137,6725.0,36.81,medium,acs_end_seq,20.0,archived_run_record,
ch150.tsp,ACS,6,20472116,reconstructed_from_original_experiment_scripts,6726.0,6528.0,3.0330882352941178,6726.0,38.79,medium,acs_end_seq,20.0,archived_run_record,
ch150.tsp,ACS,7,20472117,reconstructed_from_original_experiment_scripts,6788.0,6528.0,3.9828431372549016,6788.0,39.20,medium,acs_end_seq,20.0,archived_run_record,
ch150.tsp,ACS,8,20472118,reconstructed_from_original_experiment_scripts,6773.0,6528.0,3.753063725490196,6773.0,38.90,medium,acs_end_seq,20.0,archived_run_record,
ch150.tsp,ACS,9,20472119,reconstructed_from_original_experiment_scripts,6725.0,6528.0,3.017769607843137,6725.0,44.30,medium,acs_end_seq,20.0,archived_run_record,
ch150.tsp,ACS,10,20472120,reconstructed_from_original_experiment_scripts,6733.0,6528.0,3.1403186274509802,6733.0,44.05,medium,acs_end_seq,20.0,archived_run_record,
ch150.tsp,MMAS,1,20473111,reconstructed_from_original_experiment_scripts,6817.0,6528.0,4.427083333333334,6817.0,52.89,medium,mmas,20.0,archived_run_record,
ch150.tsp,MMAS,2,20473112,reconstructed_from_original_experiment_scripts,6818.0,6528.0,4.442401960784314,6818.0,50.86,medium,mmas,20.0,archived_run_record,
ch150.tsp,MMAS,3,20473113,reconstructed_from_original_experiment_scripts,6761.0,6528.0,3.569240196078431,6761.0,53.86,medium,mmas,20.0,archived_run_record,
ch150.tsp,MMAS,4,20473114,reconstructed_from_original_experiment_scripts,6843.0,6528.0,4.825367647058823,6843.0,48.29,medium,mmas,20.0,archived_run_record,
ch150.tsp,MMAS,5,20473115,reconstructed_from_original_experiment_scripts,6807.0,6528.0,4.27389705882353,6807.0,54.71,medium,mmas,20.0,archived_run_record,
ch150.tsp,MMAS,6,20473116,reconstructed_from_original_experiment_scripts,6816.0,6528.0,4.411764705882353,6816.0,52.34,medium,mmas,20.0,archived_run_record,
ch150.tsp,MMAS,7,20473117,reconstructed_from_original_experiment_scripts,6821.0,6528.0,4.488357843137255,6821.0,54.08,medium,mmas,20.0,archived_run_record,
ch150.tsp,MMAS,8,20473118,reconstructed_from_original_experiment_scripts,6847.0,6528.0,4.886642156862745,6847.0,54.63,medium,mmas,20.0,archived_run_record,
ch150.tsp,MMAS,9,20473119,reconstructed_from_original_experiment_scripts,6816.0,6528.0,4.411764705882353,6816.0,53.17,medium,mmas,20.0,archived_run_record,
ch150.tsp,MMAS,10,20473120,reconstructed_from_original_experiment_scripts,6808.0,6528.0,4.28921568627451,6808.0,28.02,medium,mmas,20.0,archived_run_record,
ch150.tsp,MSA-ACO,1,20273110,reconstructed_from_original_experiment_scripts,6554.0,6528.0,0.39828431372549017,6554.0,,medium,hybrid_v4_2,,archived_run_record,
ch150.tsp,MSA-ACO,2,20273111,reconstructed_from_original_experiment_scripts,6532.0,6528.0,0.061274509803921566,6532.0,,medium,hybrid_v4_2,,archived_run_record,
ch150.tsp,MSA-ACO,3,20273112,reconstructed_from_original_experiment_scripts,6542.0,6528.0,0.2144607843137255,6542.0,,medium,hybrid_v4_2,,archived_run_record,
ch150.tsp,MSA-ACO,4,20273113,reconstructed_from_original_experiment_scripts,6554.0,6528.0,0.39828431372549017,6554.0,,medium,hybrid_v4_2,,archived_run_record,
ch150.tsp,MSA-ACO,5,20273114,reconstructed_from_original_experiment_scripts,6532.0,6528.0,0.061274509803921566,6532.0,,medium,hybrid_v4_2,,archived_run_record,
ch150.tsp,MSA-ACO,6,20273115,reconstructed_from_original_experiment_scripts,6528.0,6528.0,0.0,6528.0,,medium,hybrid_v4_2,,archived_run_record,
ch150.tsp,MSA-ACO,7,20273116,reconstructed_from_original_experiment_scripts,6554.0,6528.0,0.39828431372549017,6554.0,,medium,hybrid_v4_2,,archived_run_record,
ch150.tsp,MSA-ACO,8,20273117,reconstructed_from_original_experiment_scripts,6532.0,6528.0,0.061274509803921566,6532.0,,medium,hybrid_v4_2,,archived_run_record,
ch150.tsp,MSA-ACO,9,20273118,reconstructed_from_original_experiment_scripts,6549.0,6528.0,0.3216911764705882,6549.0,,medium,hybrid_v4_2,,archived_run_record,
ch150.tsp,MSA-ACO,10,20273119,reconstructed_from_original_experiment_scripts,6558.0,6528.0,0.4595588235294118,6558.0,,medium,hybrid_v4_2,,archived_run_record,
kroB150.tsp,ACS,1,20482111,reconstructed_from_original_experiment_scripts,28684.0,26130.0,9.774205893608878,28684.0,55.72,medium,acs_end_seq,20.0,archived_run_record,
kroB150.tsp,ACS,2,20482112,reconstructed_from_original_experiment_scripts,28181.0,26130.0,7.849215461155759,28181.0,56.41,medium,acs_end_seq,20.0,archived_run_record,
kroB150.tsp,ACS,3,20482113,reconstructed_from_original_experiment_scripts,28301.0,26130.0,8.308457711442786,28301.0,56.70,medium,acs_end_seq,20.0,archived_run_record,
kroB150.tsp,ACS,4,20482114,reconstructed_from_original_experiment_scripts,28491.0,26130.0,9.035591274397245,28491.0,56.79,medium,acs_end_seq,20.0,archived_run_record,
kroB150.tsp,ACS,5,20482115,reconstructed_from_original_experiment_scripts,27461.0,26130.0,5.093761959433602,27461.0,55.85,medium,acs_end_seq,20.0,archived_run_record,
kroB150.tsp,ACS,6,20482116,reconstructed_from_original_experiment_scripts,28297.0,26130.0,8.293149636433219,28297.0,56.00,medium,acs_end_seq,20.0,archived_run_record,
kroB150.tsp,ACS,7,20482117,reconstructed_from_original_experiment_scripts,28752.0,26130.0,10.034443168771528,28752.0,52.39,medium,acs_end_seq,20.0,archived_run_record,
kroB150.tsp,ACS,8,20482118,reconstructed_from_original_experiment_scripts,29002.0,26130.0,10.9911978568695,29002.0,56.79,medium,acs_end_seq,20.0,archived_run_record,
kroB150.tsp,ACS,9,20482119,reconstructed_from_original_experiment_scripts,28720.0,26130.0,9.911978568694986,28720.0,51.86,medium,acs_end_seq,20.0,archived_run_record,
kroB150.tsp,ACS,10,20482120,reconstructed_from_original_experiment_scripts,27792.0,26130.0,6.360505166475315,27792.0,55.09,medium,acs_end_seq,20.0,archived_run_record,
kroB150.tsp,MMAS,1,20483111,reconstructed_from_original_experiment_scripts,28522.0,26130.0,9.154228855721392,28522.0,49.29,medium,mmas,20.0,archived_run_record,
kroB150.tsp,MMAS,2,20483112,reconstructed_from_original_experiment_scripts,27986.0,26130.0,7.102946804439342,27986.0,48.23,medium,mmas,20.0,archived_run_record,
kroB150.tsp,MMAS,3,20483113,reconstructed_from_original_experiment_scripts,28680.0,26130.0,9.758897818599312,28680.0,50.36,medium,mmas,20.0,archived_run_record,
kroB150.tsp,MMAS,4,20483114,reconstructed_from_original_experiment_scripts,28434.0,26130.0,8.817451205510906,28434.0,53.73,medium,mmas,20.0,archived_run_record,
kroB150.tsp,MMAS,5,20483115,reconstructed_from_original_experiment_scripts,28807.0,26130.0,10.24492920015308,28807.0,55.89,medium,mmas,20.0,archived_run_record,
kroB150.tsp,MMAS,6,20483116,reconstructed_from_original_experiment_scripts,28500.0,26130.0,9.07003444316877,28500.0,54.09,medium,mmas,20.0,archived_run_record,
kroB150.tsp,MMAS,7,20483117,reconstructed_from_original_experiment_scripts,28554.0,26130.0,9.276693455797934,28554.0,53.92,medium,mmas,20.0,archived_run_record,
kroB150.tsp,MMAS,8,20483118,reconstructed_from_original_experiment_scripts,28877.0,26130.0,10.512820512820513,28877.0,53.05,medium,mmas,20.0,archived_run_record,
kroB150.tsp,MMAS,9,20483119,reconstructed_from_original_experiment_scripts,28686.0,26130.0,9.781859931113662,28686.0,54.17,medium,mmas,20.0,archived_run_record,
kroB150.tsp,MMAS,10,20483120,reconstructed_from_original_experiment_scripts,29004.0,26130.0,10.998851894374283,29004.0,28.99,medium,mmas,20.0,archived_run_record,
kroB150.tsp,MSA-ACO,1,20274110,reconstructed_from_original_experiment_scripts,26219.0,26130.0,0.34060466896287794,26219.0,,medium,hybrid_v4_2,,archived_run_record,
kroB150.tsp,MSA-ACO,2,20274111,reconstructed_from_original_experiment_scripts,26160.0,26130.0,0.1148105625717566,26160.0,,medium,hybrid_v4_2,,archived_run_record,
kroB150.tsp,MSA-ACO,3,20274112,reconstructed_from_original_experiment_scripts,26210.0,26130.0,0.30616150019135097,26210.0,,medium,hybrid_v4_2,,archived_run_record,
kroB150.tsp,MSA-ACO,4,20274113,reconstructed_from_original_experiment_scripts,26260.0,26130.0,0.4975124378109453,26260.0,,medium,hybrid_v4_2,,archived_run_record,
kroB150.tsp,MSA-ACO,5,20274114,reconstructed_from_original_experiment_scripts,26235.0,26130.0,0.4018369690011481,26235.0,,medium,hybrid_v4_2,,archived_run_record,
kroB150.tsp,MSA-ACO,6,20274115,reconstructed_from_original_experiment_scripts,26213.0,26130.0,0.31764255644852657,26213.0,,medium,hybrid_v4_2,,archived_run_record,
kroB150.tsp,MSA-ACO,7,20274116,reconstructed_from_original_experiment_scripts,26178.0,26130.0,0.18369690011481057,26178.0,,medium,hybrid_v4_2,,archived_run_record,
kroB150.tsp,MSA-ACO,8,20274117,reconstructed_from_original_experiment_scripts,26256.0,26130.0,0.4822043628013777,26256.0,,medium,hybrid_v4_2,,archived_run_record,
kroB150.tsp,MSA-ACO,9,20274118,reconstructed_from_original_experiment_scripts,26244.0,26130.0,0.4362801377726751,26244.0,,medium,hybrid_v4_2,,archived_run_record,
kroB150.tsp,MSA-ACO,10,20274119,reconstructed_from_original_experiment_scripts,26211.0,26130.0,0.3099885189437428,26211.0,,medium,hybrid_v4_2,,archived_run_record,
kroA150.tsp,ACS,1,20492111,reconstructed_from_original_experiment_scripts,29529.0,26524.0,11.329362087166341,29529.0,38.49,medium,acs_end_seq,20.0,archived_run_record,
kroA150.tsp,ACS,2,20492112,reconstructed_from_original_experiment_scripts,29025.0,26524.0,9.429196199668224,29025.0,41.09,medium,acs_end_seq,20.0,archived_run_record,
kroA150.tsp,ACS,3,20492113,reconstructed_from_original_experiment_scripts,28757.0,26524.0,8.418790529331925,28757.0,40.07,medium,acs_end_seq,20.0,archived_run_record,
kroA150.tsp,ACS,4,20492114,reconstructed_from_original_experiment_scripts,29114.0,26524.0,9.764741366309757,29114.0,40.76,medium,acs_end_seq,20.0,archived_run_record,
kroA150.tsp,ACS,5,20492115,reconstructed_from_original_experiment_scripts,29454.0,26524.0,11.046599306288645,29454.0,39.72,medium,acs_end_seq,20.0,archived_run_record,
kroA150.tsp,ACS,6,20492116,reconstructed_from_original_experiment_scripts,29065.0,26524.0,9.58000301613633,29065.0,37.86,medium,acs_end_seq,20.0,archived_run_record,
kroA150.tsp,ACS,7,20492117,reconstructed_from_original_experiment_scripts,28924.0,26524.0,9.04840898808626,28924.0,39.32,medium,acs_end_seq,20.0,archived_run_record,
kroA150.tsp,ACS,8,20492118,reconstructed_from_original_experiment_scripts,29474.0,26524.0,11.122002714522697,29474.0,39.99,medium,acs_end_seq,20.0,archived_run_record,
kroA150.tsp,ACS,9,20492119,reconstructed_from_original_experiment_scripts,28643.0,26524.0,7.988991102397828,28643.0,45.11,medium,acs_end_seq,20.0,archived_run_record,
kroA150.tsp,ACS,10,20492120,reconstructed_from_original_experiment_scripts,29284.0,26524.0,10.4056703362992,29284.0,44.96,medium,acs_end_seq,20.0,archived_run_record,
kroA150.tsp,MMAS,1,20493111,reconstructed_from_original_experiment_scripts,29042.0,26524.0,9.49328909666717,29042.0,54.39,medium,mmas,20.0,archived_run_record,
kroA150.tsp,MMAS,2,20493112,reconstructed_from_original_experiment_scripts,29355.0,26524.0,10.673352435530086,29355.0,53.84,medium,mmas,20.0,archived_run_record,
kroA150.tsp,MMAS,3,20493113,reconstructed_from_original_experiment_scripts,28688.0,26524.0,8.158648770924446,28688.0,50.16,medium,mmas,20.0,archived_run_record,
kroA150.tsp,MMAS,4,20493114,reconstructed_from_original_experiment_scripts,29556.0,26524.0,11.43115668828231,29556.0,54.32,medium,mmas,20.0,archived_run_record,
kroA150.tsp,MMAS,5,20493115,reconstructed_from_original_experiment_scripts,28991.0,26524.0,9.301010405670336,28991.0,52.10,medium,mmas,20.0,archived_run_record,
kroA150.tsp,MMAS,6,20493116,reconstructed_from_original_experiment_scripts,29067.0,26524.0,9.587543356959735,29067.0,47.30,medium,mmas,20.0,archived_run_record,
kroA150.tsp,MMAS,7,20493117,reconstructed_from_original_experiment_scripts,28877.0,26524.0,8.87121097873624,28877.0,55.45,medium,mmas,20.0,archived_run_record,
kroA150.tsp,MMAS,8,20493118,reconstructed_from_original_experiment_scripts,28025.0,26524.0,5.659025787965616,28025.0,54.14,medium,mmas,20.0,archived_run_record,
kroA150.tsp,MMAS,9,20493119,reconstructed_from_original_experiment_scripts,27870.0,26524.0,5.074649374151711,27870.0,53.20,medium,mmas,20.0,archived_run_record,
kroA150.tsp,MMAS,10,20493120,reconstructed_from_original_experiment_scripts,28626.0,26524.0,7.9248982053988835,28626.0,28.99,medium,mmas,20.0,archived_run_record,
kroA150.tsp,MSA-ACO,1,20275110,reconstructed_from_original_experiment_scripts,26689.0,26524.0,0.6220781179309305,26689.0,,medium,hybrid_v4_2,,archived_run_record,
kroA150.tsp,MSA-ACO,2,20275111,reconstructed_from_original_experiment_scripts,26647.0,26524.0,0.46373096063942093,26647.0,,medium,hybrid_v4_2,,archived_run_record,
kroA150.tsp,MSA-ACO,3,20275112,reconstructed_from_original_experiment_scripts,26628.0,26524.0,0.39209772281707134,26628.0,,medium,hybrid_v4_2,,archived_run_record,
kroA150.tsp,MSA-ACO,4,20275113,reconstructed_from_original_experiment_scripts,26601.0,26524.0,0.2903031217011009,26601.0,,medium,hybrid_v4_2,,archived_run_record,
kroA150.tsp,MSA-ACO,5,20275114,reconstructed_from_original_experiment_scripts,26709.0,26524.0,0.6974815261649826,26709.0,,medium,hybrid_v4_2,,archived_run_record,
kroA150.tsp,MSA-ACO,6,20275115,reconstructed_from_original_experiment_scripts,26727.0,26524.0,0.7653445935756297,26727.0,,medium,hybrid_v4_2,,archived_run_record,
kroA150.tsp,MSA-ACO,7,20275116,reconstructed_from_original_experiment_scripts,26637.0,26524.0,0.4260292565223948,26637.0,,medium,hybrid_v4_2,,archived_run_record,
kroA150.tsp,MSA-ACO,8,20275117,reconstructed_from_original_experiment_scripts,26639.0,26524.0,0.43356959734580003,26639.0,,medium,hybrid_v4_2,,archived_run_record,
kroA150.tsp,MSA-ACO,9,20275118,reconstructed_from_original_experiment_scripts,26650.0,26524.0,0.4750414718745287,26650.0,,medium,hybrid_v4_2,,archived_run_record,
kroA150.tsp,MSA-ACO,10,20275119,reconstructed_from_original_experiment_scripts,26679.0,26524.0,0.5843764138139044,26679.0,,medium,hybrid_v4_2,,archived_run_record,
d198.tsp,ACS,1,20512111,reconstructed_from_original_experiment_scripts,16909.0,15780.0,7.154626108998732,16909.0,193.78,large,acs_end_seq,20.0,archived_run_record,
d198.tsp,ACS,2,20512112,reconstructed_from_original_experiment_scripts,16850.0,15780.0,6.7807351077313065,16850.0,191.64,large,acs_end_seq,20.0,archived_run_record,
d198.tsp,ACS,3,20512113,reconstructed_from_original_experiment_scripts,17028.0,15780.0,7.908745247148288,17028.0,191.15,large,acs_end_seq,20.0,archived_run_record,
d198.tsp,ACS,4,20512114,reconstructed_from_original_experiment_scripts,17253.0,15780.0,9.334600760456274,17253.0,196.64,large,acs_end_seq,20.0,archived_run_record,
d198.tsp,ACS,5,20512115,reconstructed_from_original_experiment_scripts,17062.0,15780.0,8.124207858048162,17062.0,191.39,large,acs_end_seq,20.0,archived_run_record,
d198.tsp,ACS,6,20512116,reconstructed_from_original_experiment_scripts,17243.0,15780.0,9.271229404309251,17243.0,188.89,large,acs_end_seq,20.0,archived_run_record,
d198.tsp,ACS,7,20512117,reconstructed_from_original_experiment_scripts,17132.0,15780.0,8.567807351077313,17132.0,181.46,large,acs_end_seq,20.0,archived_run_record,
d198.tsp,ACS,8,20512118,reconstructed_from_original_experiment_scripts,17098.0,15780.0,8.35234474017744,17098.0,195.24,large,acs_end_seq,20.0,archived_run_record,
d198.tsp,ACS,9,20512119,reconstructed_from_original_experiment_scripts,16842.0,15780.0,6.730038022813687,16842.0,192.32,large,acs_end_seq,20.0,archived_run_record,
d198.tsp,ACS,10,20512120,reconstructed_from_original_experiment_scripts,17333.0,15780.0,9.841571609632446,17333.0,173.37,large,acs_end_seq,20.0,archived_run_record,
d198.tsp,MMAS,1,20513111,reconstructed_from_original_experiment_scripts,16447.0,15780.0,4.226869455006337,16447.0,187.08,large,mmas,20.0,archived_run_record,
d198.tsp,MMAS,2,20513112,reconstructed_from_original_experiment_scripts,16652.0,15780.0,5.525982256020279,16652.0,185.57,large,mmas,20.0,archived_run_record,
d198.tsp,MMAS,3,20513113,reconstructed_from_original_experiment_scripts,16532.0,15780.0,4.765525982256021,16532.0,181.58,large,mmas,20.0,archived_run_record,
d198.tsp,MMAS,4,20513114,reconstructed_from_original_experiment_scripts,16561.0,15780.0,4.949302915082383,16561.0,196.52,large,mmas,20.0,archived_run_record,
d198.tsp,MMAS,5,20513115,reconstructed_from_original_experiment_scripts,16737.0,15780.0,6.064638783269962,16737.0,194.80,large,mmas,20.0,archived_run_record,
d198.tsp,MMAS,6,20513116,reconstructed_from_original_experiment_scripts,16721.0,15780.0,5.9632446134347274,16721.0,193.43,large,mmas,20.0,archived_run_record,
d198.tsp,MMAS,7,20513117,reconstructed_from_original_experiment_scripts,16721.0,15780.0,5.9632446134347274,16721.0,187.83,large,mmas,20.0,archived_run_record,
d198.tsp,MMAS,8,20513118,reconstructed_from_original_experiment_scripts,16717.0,15780.0,5.937896070975919,16717.0,192.46,large,mmas,20.0,archived_run_record,
d198.tsp,MMAS,9,20513119,reconstructed_from_original_experiment_scripts,16810.0,15780.0,6.527249683143219,16810.0,193.31,large,mmas,20.0,archived_run_record,
d198.tsp,MMAS,10,20513120,reconstructed_from_original_experiment_scripts,16561.0,15780.0,4.949302915082383,16561.0,100.02,large,mmas,20.0,archived_run_record,
d198.tsp,MSA-ACO,1,20277110,reconstructed_from_original_experiment_scripts,15849.0,15780.0,0.4372623574144487,15849.0,,large,hybrid_v4_2,,archived_run_record,
d198.tsp,MSA-ACO,2,20277111,reconstructed_from_original_experiment_scripts,15873.0,15780.0,0.5893536121673004,15873.0,,large,hybrid_v4_2,,archived_run_record,
d198.tsp,MSA-ACO,3,20277112,reconstructed_from_original_experiment_scripts,15873.0,15780.0,0.5893536121673004,15873.0,,large,hybrid_v4_2,,archived_run_record,
d198.tsp,MSA-ACO,4,20277113,reconstructed_from_original_experiment_scripts,15857.0,15780.0,0.4879594423320659,15857.0,,large,hybrid_v4_2,,archived_run_record,
d198.tsp,MSA-ACO,5,20277114,reconstructed_from_original_experiment_scripts,15867.0,15780.0,0.5513307984790874,15867.0,,large,hybrid_v4_2,,archived_run_record,
d198.tsp,MSA-ACO,6,20277115,reconstructed_from_original_experiment_scripts,15886.0,15780.0,0.6717363751584284,15886.0,,large,hybrid_v4_2,,archived_run_record,
d198.tsp,MSA-ACO,7,20277116,reconstructed_from_original_experiment_scripts,15867.0,15780.0,0.5513307984790874,15867.0,,large,hybrid_v4_2,,archived_run_record,
d198.tsp,MSA-ACO,8,20277117,reconstructed_from_original_experiment_scripts,15876.0,15780.0,0.6083650190114068,15876.0,,large,hybrid_v4_2,,archived_run_record,
d198.tsp,MSA-ACO,9,20277118,reconstructed_from_original_experiment_scripts,15863.0,15780.0,0.5259822560202788,15863.0,,large,hybrid_v4_2,,archived_run_record,
d198.tsp,MSA-ACO,10,20277119,reconstructed_from_original_experiment_scripts,15867.0,15780.0,0.5513307984790874,15867.0,,large,hybrid_v4_2,,archived_run_record,
kroA200.tsp,ACS,1,20522111,reconstructed_from_original_experiment_scripts,32280.0,29368.0,9.915554344865159,32280.0,144.10,large,acs_end_seq,20.0,archived_run_record,
kroA200.tsp,ACS,2,20522112,reconstructed_from_original_experiment_scripts,32918.0,29368.0,12.08798692454372,32918.0,138.52,large,acs_end_seq,20.0,archived_run_record,
kroA200.tsp,ACS,3,20522113,reconstructed_from_original_experiment_scripts,32372.0,29368.0,10.228820484881505,32372.0,147.34,large,acs_end_seq,20.0,archived_run_record,
kroA200.tsp,ACS,4,20522114,reconstructed_from_original_experiment_scripts,32468.0,29368.0,10.555706891855081,32468.0,143.73,large,acs_end_seq,20.0,archived_run_record,
kroA200.tsp,ACS,5,20522115,reconstructed_from_original_experiment_scripts,32212.0,29368.0,9.684009806592208,32212.0,141.56,large,acs_end_seq,20.0,archived_run_record,
kroA200.tsp,ACS,6,20522116,reconstructed_from_original_experiment_scripts,31768.0,29368.0,8.172160174339417,31768.0,145.70,large,acs_end_seq,20.0,archived_run_record,
kroA200.tsp,ACS,7,20522117,reconstructed_from_original_experiment_scripts,32136.0,29368.0,9.425224734404795,32136.0,142.86,large,acs_end_seq,20.0,archived_run_record,
kroA200.tsp,ACS,8,20522118,reconstructed_from_original_experiment_scripts,32387.0,29368.0,10.279896485971125,32387.0,146.50,large,acs_end_seq,20.0,archived_run_record,
kroA200.tsp,ACS,9,20522119,reconstructed_from_original_experiment_scripts,33038.0,29368.0,12.496594933260692,33038.0,162.13,large,acs_end_seq,20.0,archived_run_record,
kroA200.tsp,ACS,10,20522120,reconstructed_from_original_experiment_scripts,31344.0,29368.0,6.728411876872786,31344.0,155.17,large,acs_end_seq,20.0,archived_run_record,
kroA200.tsp,MMAS,1,20523111,reconstructed_from_original_experiment_scripts,32279.0,29368.0,9.91214927812585,32279.0,196.08,large,mmas,20.0,archived_run_record,
kroA200.tsp,MMAS,2,20523112,reconstructed_from_original_experiment_scripts,32244.0,29368.0,9.792971942250068,32244.0,198.64,large,mmas,20.0,archived_run_record,
kroA200.tsp,MMAS,3,20523113,reconstructed_from_original_experiment_scripts,31927.0,29368.0,8.713565785889402,31927.0,191.65,large,mmas,20.0,archived_run_record,
kroA200.tsp,MMAS,4,20523114,reconstructed_from_original_experiment_scripts,32237.0,29368.0,9.769136475074912,32237.0,193.84,large,mmas,20.0,archived_run_record,
kroA200.tsp,MMAS,5,20523115,reconstructed_from_original_experiment_scripts,32056.0,29368.0,9.152819395260147,32056.0,192.35,large,mmas,20.0,archived_run_record,
kroA200.tsp,MMAS,6,20523116,reconstructed_from_original_experiment_scripts,32145.0,29368.0,9.455870335058567,32145.0,193.84,large,mmas,20.0,archived_run_record,
kroA200.tsp,MMAS,7,20523117,reconstructed_from_original_experiment_scripts,31980.0,29368.0,8.894034323072733,31980.0,195.42,large,mmas,20.0,archived_run_record,
kroA200.tsp,MMAS,8,20523118,reconstructed_from_original_experiment_scripts,31783.0,29368.0,8.223236175429038,31783.0,190.68,large,mmas,20.0,archived_run_record,
kroA200.tsp,MMAS,9,20523119,reconstructed_from_original_experiment_scripts,31905.0,29368.0,8.638654317624624,31905.0,197.98,large,mmas,20.0,archived_run_record,
kroA200.tsp,MMAS,10,20523120,reconstructed_from_original_experiment_scripts,32279.0,29368.0,9.91214927812585,32279.0,97.39,large,mmas,20.0,archived_run_record,
kroA200.tsp,MSA-ACO,1,20278110,reconstructed_from_original_experiment_scripts,29451.0,29368.0,0.2826205393625715,29451.0,,large,hybrid_v4_2,,archived_run_record,
kroA200.tsp,MSA-ACO,2,20278111,reconstructed_from_original_experiment_scripts,29456.0,29368.0,0.299645873059112,29456.0,,large,hybrid_v4_2,,archived_run_record,
kroA200.tsp,MSA-ACO,3,20278112,reconstructed_from_original_experiment_scripts,29406.0,29368.0,0.12939253609370743,29406.0,,large,hybrid_v4_2,,archived_run_record,
kroA200.tsp,MSA-ACO,4,20278113,reconstructed_from_original_experiment_scripts,29447.0,29368.0,0.26900027240533914,29447.0,,large,hybrid_v4_2,,archived_run_record,
kroA200.tsp,MSA-ACO,5,20278114,reconstructed_from_original_experiment_scripts,29387.0,29368.0,0.06469626804685372,29387.0,,large,hybrid_v4_2,,archived_run_record,
kroA200.tsp,MSA-ACO,6,20278115,reconstructed_from_original_experiment_scripts,29469.0,29368.0,0.3439117406701171,29469.0,,large,hybrid_v4_2,,archived_run_record,
kroA200.tsp,MSA-ACO,7,20278116,reconstructed_from_original_experiment_scripts,29368.0,29368.0,0.0,29368.0,,large,hybrid_v4_2,,archived_run_record,
kroA200.tsp,MSA-ACO,8,20278117,reconstructed_from_original_experiment_scripts,29387.0,29368.0,0.06469626804685372,29387.0,,large,hybrid_v4_2,,archived_run_record,
kroA200.tsp,MSA-ACO,9,20278118,reconstructed_from_original_experiment_scripts,29401.0,29368.0,0.11236720239716698,29401.0,,large,hybrid_v4_2,,archived_run_record,
kroA200.tsp,MSA-ACO,10,20278119,reconstructed_from_original_experiment_scripts,29413.0,29368.0,0.15322800326886407,29413.0,,large,hybrid_v4_2,,archived_run_record,
kroB200.tsp,ACS,1,20532111,reconstructed_from_original_experiment_scripts,32807.0,29437.0,11.448177463736114,32807.0,200.55,large,acs_end_seq,20.0,archived_run_record,
kroB200.tsp,ACS,2,20532112,reconstructed_from_original_experiment_scripts,32440.0,29437.0,10.201447158338146,32440.0,193.23,large,acs_end_seq,20.0,archived_run_record,
kroB200.tsp,ACS,3,20532113,reconstructed_from_original_experiment_scripts,32085.0,29437.0,8.99548187654992,32085.0,197.95,large,acs_end_seq,20.0,archived_run_record,
kroB200.tsp,ACS,4,20532114,reconstructed_from_original_experiment_scripts,32891.0,29437.0,11.733532629004314,32891.0,200.31,large,acs_end_seq,20.0,archived_run_record,
kroB200.tsp,ACS,5,20532115,reconstructed_from_original_experiment_scripts,32785.0,29437.0,11.373441587118252,32785.0,196.33,large,acs_end_seq,20.0,archived_run_record,
kroB200.tsp,ACS,6,20532116,reconstructed_from_original_experiment_scripts,32538.0,29437.0,10.534361517817713,32538.0,193.77,large,acs_end_seq,20.0,archived_run_record,
kroB200.tsp,ACS,7,20532117,reconstructed_from_original_experiment_scripts,32332.0,29437.0,9.83456194585046,32332.0,196.68,large,acs_end_seq,20.0,archived_run_record,
kroB200.tsp,ACS,8,20532118,reconstructed_from_original_experiment_scripts,32257.0,29437.0,9.579780548289568,32257.0,194.97,large,acs_end_seq,20.0,archived_run_record,
kroB200.tsp,ACS,9,20532119,reconstructed_from_original_experiment_scripts,32834.0,29437.0,11.539898766858036,32834.0,201.68,large,acs_end_seq,20.0,archived_run_record,
kroB200.tsp,ACS,10,20532120,reconstructed_from_original_experiment_scripts,32277.0,29437.0,9.647722254305807,32277.0,189.02,large,acs_end_seq,20.0,archived_run_record,
kroB200.tsp,MMAS,1,20533111,reconstructed_from_original_experiment_scripts,33169.0,29437.0,12.677922342630024,33169.0,188.49,large,mmas,20.0,archived_run_record,
kroB200.tsp,MMAS,2,20533112,reconstructed_from_original_experiment_scripts,33084.0,29437.0,12.389170092061013,33084.0,193.75,large,mmas,20.0,archived_run_record,
kroB200.tsp,MMAS,3,20533113,reconstructed_from_original_experiment_scripts,33085.0,29437.0,12.392567177361824,33085.0,188.77,large,mmas,20.0,archived_run_record,
kroB200.tsp,MMAS,4,20533114,reconstructed_from_original_experiment_scripts,33325.0,29437.0,13.207867649556682,33325.0,196.08,large,mmas,20.0,archived_run_record,
kroB200.tsp,MMAS,5,20533115,reconstructed_from_original_experiment_scripts,32974.0,29437.0,12.015490708971702,32974.0,196.83,large,mmas,20.0,archived_run_record,
kroB200.tsp,MMAS,6,20533116,reconstructed_from_original_experiment_scripts,32803.0,29437.0,11.434589122532866,32803.0,195.40,large,mmas,20.0,archived_run_record,
kroB200.tsp,MMAS,7,20533117,reconstructed_from_original_experiment_scripts,32876.0,29437.0,11.682576349492136,32876.0,200.61,large,mmas,20.0,archived_run_record,
kroB200.tsp,MMAS,8,20533118,reconstructed_from_original_experiment_scripts,32867.0,29437.0,11.65200258178483,32867.0,189.76,large,mmas,20.0,archived_run_record,
kroB200.tsp,MMAS,9,20533119,reconstructed_from_original_experiment_scripts,33253.0,29437.0,12.963277507898225,33253.0,198.66,large,mmas,20.0,archived_run_record,
kroB200.tsp,MMAS,10,20533120,reconstructed_from_original_experiment_scripts,32969.0,29437.0,11.998505282467644,32969.0,95.67,large,mmas,20.0,archived_run_record,
kroB200.tsp,MSA-ACO,1,20279110,reconstructed_from_original_experiment_scripts,29567.0,29437.0,0.4416210891055474,29567.0,,large,hybrid_v4_2,,archived_run_record,
kroB200.tsp,MSA-ACO,2,20279111,reconstructed_from_original_experiment_scripts,29712.0,29437.0,0.9341984577232735,29712.0,,large,hybrid_v4_2,,archived_run_record,
kroB200.tsp,MSA-ACO,3,20279112,reconstructed_from_original_experiment_scripts,29746.0,29437.0,1.049699357950878,29746.0,,large,hybrid_v4_2,,archived_run_record,
kroB200.tsp,MSA-ACO,4,20279113,reconstructed_from_original_experiment_scripts,29740.0,29437.0,1.0293168461460067,29740.0,,large,hybrid_v4_2,,archived_run_record,
kroB200.tsp,MSA-ACO,5,20279114,reconstructed_from_original_experiment_scripts,29733.0,29437.0,1.0055372490403234,29733.0,,large,hybrid_v4_2,,archived_run_record,
kroB200.tsp,MSA-ACO,6,20279115,reconstructed_from_original_experiment_scripts,29776.0,29437.0,1.1516119169752352,29776.0,,large,hybrid_v4_2,,archived_run_record,
kroB200.tsp,MSA-ACO,7,20279116,reconstructed_from_original_experiment_scripts,29559.0,29437.0,0.41444440669905225,29559.0,,large,hybrid_v4_2,,archived_run_record,
kroB200.tsp,MSA-ACO,8,20279117,reconstructed_from_original_experiment_scripts,29720.0,29437.0,0.9613751401297687,29720.0,,large,hybrid_v4_2,,archived_run_record,
kroB200.tsp,MSA-ACO,9,20279118,reconstructed_from_original_experiment_scripts,29740.0,29437.0,1.0293168461460067,29740.0,,large,hybrid_v4_2,,archived_run_record,
kroB200.tsp,MSA-ACO,10,20279119,reconstructed_from_original_experiment_scripts,29845.0,29437.0,1.3860108027312568,29845.0,,large,hybrid_v4_2,,archived_run_record,
gr202.tsp,ACS,1,20542111,reconstructed_from_original_experiment_scripts,45321.0,40160.0,12.85109561752988,45321.0,203.50,large,acs_end_seq,20.0,archived_run_record,
gr202.tsp,ACS,2,20542112,reconstructed_from_original_experiment_scripts,45196.0,40160.0,12.539840637450201,45196.0,193.49,large,acs_end_seq,20.0,archived_run_record,
gr202.tsp,ACS,3,20542113,reconstructed_from_original_experiment_scripts,44561.0,40160.0,10.958665338645417,44561.0,199.57,large,acs_end_seq,20.0,archived_run_record,
gr202.tsp,ACS,4,20542114,reconstructed_from_original_experiment_scripts,45594.0,40160.0,13.530876494023905,45594.0,199.59,large,acs_end_seq,20.0,archived_run_record,
gr202.tsp,ACS,5,20542115,reconstructed_from_original_experiment_scripts,45259.0,40160.0,12.696713147410357,45259.0,201.56,large,acs_end_seq,20.0,archived_run_record,
gr202.tsp,ACS,6,20542116,reconstructed_from_original_experiment_scripts,45501.0,40160.0,13.299302788844622,45501.0,199.81,large,acs_end_seq,20.0,archived_run_record,
gr202.tsp,ACS,7,20542117,reconstructed_from_original_experiment_scripts,44457.0,40160.0,10.699701195219124,44457.0,197.81,large,acs_end_seq,20.0,archived_run_record,
gr202.tsp,ACS,8,20542118,reconstructed_from_original_experiment_scripts,45203.0,40160.0,12.557270916334662,45203.0,200.58,large,acs_end_seq,20.0,archived_run_record,
gr202.tsp,ACS,9,20542119,reconstructed_from_original_experiment_scripts,45578.0,40160.0,13.491035856573705,45578.0,198.51,large,acs_end_seq,20.0,archived_run_record,
gr202.tsp,ACS,10,20542120,reconstructed_from_original_experiment_scripts,45574.0,40160.0,13.481075697211157,45574.0,193.69,large,acs_end_seq,20.0,archived_run_record,
gr202.tsp,MMAS,1,20543111,reconstructed_from_original_experiment_scripts,45050.0,40160.0,12.176294820717132,45050.0,194.65,large,mmas,20.0,archived_run_record,
gr202.tsp,MMAS,2,20543112,reconstructed_from_original_experiment_scripts,45232.0,40160.0,12.629482071713147,45232.0,190.74,large,mmas,20.0,archived_run_record,
gr202.tsp,MMAS,3,20543113,reconstructed_from_original_experiment_scripts,44532.0,40160.0,10.886454183266931,44532.0,193.57,large,mmas,20.0,archived_run_record,
gr202.tsp,MMAS,4,20543114,reconstructed_from_original_experiment_scripts,44503.0,40160.0,10.814243027888446,44503.0,189.43,large,mmas,20.0,archived_run_record,
gr202.tsp,MMAS,5,20543115,reconstructed_from_original_experiment_scripts,44860.0,40160.0,11.703187250996015,44860.0,189.61,large,mmas,20.0,archived_run_record,
gr202.tsp,MMAS,6,20543116,reconstructed_from_original_experiment_scripts,44193.0,40160.0,10.042330677290837,44193.0,185.21,large,mmas,20.0,archived_run_record,
gr202.tsp,MMAS,7,20543117,reconstructed_from_original_experiment_scripts,44499.0,40160.0,10.804282868525897,44499.0,194.01,large,mmas,20.0,archived_run_record,
gr202.tsp,MMAS,8,20543118,reconstructed_from_original_experiment_scripts,43624.0,40160.0,8.625498007968128,43624.0,193.97,large,mmas,20.0,archived_run_record,
gr202.tsp,MMAS,9,20543119,reconstructed_from_original_experiment_scripts,45107.0,40160.0,12.318227091633466,45107.0,188.26,large,mmas,20.0,archived_run_record,
gr202.tsp,MMAS,10,20543120,reconstructed_from_original_experiment_scripts,44925.0,40160.0,11.86503984063745,44925.0,97.09,large,mmas,20.0,archived_run_record,
gr202.tsp,MSA-ACO,1,20280110,reconstructed_from_original_experiment_scripts,40884.0,40160.0,1.8027888446215141,40884.0,,large,hybrid_v4_2,,archived_run_record,
gr202.tsp,MSA-ACO,2,20280111,reconstructed_from_original_experiment_scripts,41004.0,40160.0,2.1015936254980083,41004.0,,large,hybrid_v4_2,,archived_run_record,
gr202.tsp,MSA-ACO,3,20280112,reconstructed_from_original_experiment_scripts,40925.0,40160.0,1.9048804780876494,40925.0,,large,hybrid_v4_2,,archived_run_record,
gr202.tsp,MSA-ACO,4,20280113,reconstructed_from_original_experiment_scripts,40820.0,40160.0,1.643426294820717,40820.0,,large,hybrid_v4_2,,archived_run_record,
gr202.tsp,MSA-ACO,5,20280114,reconstructed_from_original_experiment_scripts,40916.0,40160.0,1.8824701195219125,40916.0,,large,hybrid_v4_2,,archived_run_record,
gr202.tsp,MSA-ACO,6,20280115,reconstructed_from_original_experiment_scripts,40919.0,40160.0,1.8899402390438247,40919.0,,large,hybrid_v4_2,,archived_run_record,
gr202.tsp,MSA-ACO,7,20280116,reconstructed_from_original_experiment_scripts,40648.0,40160.0,1.2151394422310757,40648.0,,large,hybrid_v4_2,,archived_run_record,
gr202.tsp,MSA-ACO,8,20280117,reconstructed_from_original_experiment_scripts,40801.0,40160.0,1.5961155378486056,40801.0,,large,hybrid_v4_2,,archived_run_record,
gr202.tsp,MSA-ACO,9,20280118,reconstructed_from_original_experiment_scripts,40682.0,40160.0,1.299800796812749,40682.0,,large,hybrid_v4_2,,archived_run_record,
gr202.tsp,MSA-ACO,10,20280119,reconstructed_from_original_experiment_scripts,40773.0,40160.0,1.526394422310757,40773.0,,large,hybrid_v4_2,,archived_run_record,
ts225.tsp,ACS,1,20552111,reconstructed_from_original_experiment_scripts,132206.0,126643.0,4.392662839635827,132206.0,248.95,large,acs_end_seq,20.0,archived_run_record,
ts225.tsp,ACS,2,20552112,reconstructed_from_original_experiment_scripts,132286.0,126643.0,4.455832537131938,132286.0,245.76,large,acs_end_seq,20.0,archived_run_record,
ts225.tsp,ACS,3,20552113,reconstructed_from_original_experiment_scripts,132237.0,126643.0,4.41714109741557,132237.0,250.32,large,acs_end_seq,20.0,archived_run_record,
ts225.tsp,ACS,4,20552114,reconstructed_from_original_experiment_scripts,132179.0,126643.0,4.37134306673089,132179.0,241.33,large,acs_end_seq,20.0,archived_run_record,
ts225.tsp,ACS,5,20552115,reconstructed_from_original_experiment_scripts,132048.0,126643.0,4.2679026870810075,132048.0,245.40,large,acs_end_seq,20.0,archived_run_record,
ts225.tsp,ACS,6,20552116,reconstructed_from_original_experiment_scripts,131935.0,126643.0,4.17867548936775,131935.0,248.25,large,acs_end_seq,20.0,archived_run_record,
ts225.tsp,ACS,7,20552117,reconstructed_from_original_experiment_scripts,131985.0,126643.0,4.21815655030282,131985.0,237.20,large,acs_end_seq,20.0,archived_run_record,
ts225.tsp,ACS,8,20552118,reconstructed_from_original_experiment_scripts,131689.0,126643.0,3.984428669567209,131689.0,247.36,large,acs_end_seq,20.0,archived_run_record,
ts225.tsp,ACS,9,20552119,reconstructed_from_original_experiment_scripts,131792.0,126643.0,4.065759655093451,131792.0,252.54,large,acs_end_seq,20.0,archived_run_record,
ts225.tsp,ACS,10,20552120,reconstructed_from_original_experiment_scripts,132604.0,126643.0,4.7069320846789795,132604.0,247.18,large,acs_end_seq,20.0,archived_run_record,
ts225.tsp,MMAS,1,20553111,reconstructed_from_original_experiment_scripts,132285.0,126643.0,4.4550429159132365,132285.0,243.02,large,mmas,20.0,archived_run_record,
ts225.tsp,MMAS,2,20553112,reconstructed_from_original_experiment_scripts,132336.0,126643.0,4.495313598067007,132336.0,239.92,large,mmas,20.0,archived_run_record,
ts225.tsp,MMAS,3,20553113,reconstructed_from_original_experiment_scripts,132435.0,126643.0,4.573486098718445,132435.0,229.54,large,mmas,20.0,archived_run_record,
ts225.tsp,MMAS,4,20553114,reconstructed_from_original_experiment_scripts,131750.0,126643.0,4.032595563907993,131750.0,245.13,large,mmas,20.0,archived_run_record,
ts225.tsp,MMAS,5,20553115,reconstructed_from_original_experiment_scripts,131576.0,126643.0,3.895201471853952,131576.0,241.92,large,mmas,20.0,archived_run_record,
ts225.tsp,MMAS,6,20553116,reconstructed_from_original_experiment_scripts,132336.0,126643.0,4.495313598067007,132336.0,237.80,large,mmas,20.0,archived_run_record,
ts225.tsp,MMAS,7,20553117,reconstructed_from_original_experiment_scripts,131762.0,126643.0,4.04207101853241,131762.0,238.62,large,mmas,20.0,archived_run_record,
ts225.tsp,MMAS,8,20553118,reconstructed_from_original_experiment_scripts,131765.0,126643.0,4.044439882188514,131765.0,232.08,large,mmas,20.0,archived_run_record,
ts225.tsp,MMAS,9,20553119,reconstructed_from_original_experiment_scripts,131985.0,126643.0,4.21815655030282,131985.0,240.53,large,mmas,20.0,archived_run_record,
ts225.tsp,MMAS,10,20553120,reconstructed_from_original_experiment_scripts,132318.0,126643.0,4.481100416130382,132318.0,120.88,large,mmas,20.0,archived_run_record,
ts225.tsp,MSA-ACO,1,20281110,reconstructed_from_original_experiment_scripts,126643.0,126643.0,0.0,126726.0,,large,hybrid_v4_2,,manuscript_recovered_best,Recovered from the manuscript-reported observed best; the archived export omitted this value.
ts225.tsp,MSA-ACO,2,20281111,reconstructed_from_original_experiment_scripts,126726.0,126643.0,0.06553856115221529,126726.0,,large,hybrid_v4_2,,archived_run_record,
ts225.tsp,MSA-ACO,3,20281112,reconstructed_from_original_experiment_scripts,126726.0,126643.0,0.06553856115221529,126726.0,,large,hybrid_v4_2,,archived_run_record,
ts225.tsp,MSA-ACO,4,20281113,reconstructed_from_original_experiment_scripts,126809.0,126643.0,0.13107712230443058,126809.0,,large,hybrid_v4_2,,archived_run_record,
ts225.tsp,MSA-ACO,5,20281114,reconstructed_from_original_experiment_scripts,126726.0,126643.0,0.06553856115221529,126726.0,,large,hybrid_v4_2,,archived_run_record,
ts225.tsp,MSA-ACO,6,20281115,reconstructed_from_original_experiment_scripts,126726.0,126643.0,0.06553856115221529,126726.0,,large,hybrid_v4_2,,archived_run_record,
ts225.tsp,MSA-ACO,7,20281116,reconstructed_from_original_experiment_scripts,126726.0,126643.0,0.06553856115221529,126726.0,,large,hybrid_v4_2,,archived_run_record,
ts225.tsp,MSA-ACO,8,20281117,reconstructed_from_original_experiment_scripts,126726.0,126643.0,0.06553856115221529,126726.0,,large,hybrid_v4_2,,archived_run_record,
ts225.tsp,MSA-ACO,9,20281118,reconstructed_from_original_experiment_scripts,126726.0,126643.0,0.06553856115221529,126726.0,,large,hybrid_v4_2,,archived_run_record,
ts225.tsp,MSA-ACO,10,20281119,reconstructed_from_original_experiment_scripts,126726.0,126643.0,0.06553856115221529,126726.0,,large,hybrid_v4_2,,archived_run_record,
pr226.tsp,ACS,1,20562111,reconstructed_from_original_experiment_scripts,85668.0,80369.0,6.593338227425997,85668.0,266.59,large,acs_end_seq,20.0,archived_run_record,
pr226.tsp,ACS,2,20562112,reconstructed_from_original_experiment_scripts,86217.0,80369.0,7.276437432343316,86217.0,265.30,large,acs_end_seq,20.0,archived_run_record,
pr226.tsp,ACS,3,20562113,reconstructed_from_original_experiment_scripts,86605.0,80369.0,7.759210640918762,86605.0,267.57,large,acs_end_seq,20.0,archived_run_record,
pr226.tsp,ACS,4,20562114,reconstructed_from_original_experiment_scripts,86203.0,80369.0,7.259017780487502,86203.0,263.77,large,acs_end_seq,20.0,archived_run_record,
pr226.tsp,ACS,5,20562115,reconstructed_from_original_experiment_scripts,86360.0,80369.0,7.454366733441999,86360.0,265.88,large,acs_end_seq,20.0,archived_run_record,
pr226.tsp,ACS,6,20562116,reconstructed_from_original_experiment_scripts,87076.0,80369.0,8.345257499782255,87076.0,258.48,large,acs_end_seq,20.0,archived_run_record,
pr226.tsp,ACS,7,20562117,reconstructed_from_original_experiment_scripts,86730.0,80369.0,7.914743246774254,86730.0,266.00,large,acs_end_seq,20.0,archived_run_record,
pr226.tsp,ACS,8,20562118,reconstructed_from_original_experiment_scripts,85961.0,80369.0,6.95790665555127,85961.0,268.41,large,acs_end_seq,20.0,archived_run_record,
pr226.tsp,ACS,9,20562119,reconstructed_from_original_experiment_scripts,86401.0,80369.0,7.5053814281625995,86401.0,258.53,large,acs_end_seq,20.0,archived_run_record,
pr226.tsp,ACS,10,20562120,reconstructed_from_original_experiment_scripts,86035.0,80369.0,7.049981958217721,86035.0,264.01,large,acs_end_seq,20.0,archived_run_record,
pr226.tsp,MMAS,1,20563111,reconstructed_from_original_experiment_scripts,85242.0,80369.0,6.063283106670482,85242.0,268.10,large,mmas,20.0,archived_run_record,
pr226.tsp,MMAS,2,20563112,reconstructed_from_original_experiment_scripts,84939.0,80369.0,5.686272070076771,84939.0,250.72,large,mmas,20.0,archived_run_record,
pr226.tsp,MMAS,3,20563113,reconstructed_from_original_experiment_scripts,84789.0,80369.0,5.499632943050181,84789.0,259.34,large,mmas,20.0,archived_run_record,
pr226.tsp,MMAS,4,20563114,reconstructed_from_original_experiment_scripts,85036.0,80369.0,5.806965372220632,85036.0,254.74,large,mmas,20.0,archived_run_record,
pr226.tsp,MMAS,5,20563115,reconstructed_from_original_experiment_scripts,84004.0,80369.0,4.522888178277694,84004.0,258.07,large,mmas,20.0,archived_run_record,
pr226.tsp,MMAS,6,20563116,reconstructed_from_original_experiment_scripts,85706.0,80369.0,6.6406201396060665,85706.0,265.76,large,mmas,20.0,archived_run_record,
pr226.tsp,MMAS,7,20563117,reconstructed_from_original_experiment_scripts,85244.0,80369.0,6.06577162836417,85244.0,248.67,large,mmas,20.0,archived_run_record,
pr226.tsp,MMAS,8,20563118,reconstructed_from_original_experiment_scripts,84093.0,80369.0,4.633627393646804,84093.0,249.41,large,mmas,20.0,archived_run_record,
pr226.tsp,MMAS,9,20563119,reconstructed_from_original_experiment_scripts,84749.0,80369.0,5.449862509176424,84749.0,260.29,large,mmas,20.0,archived_run_record,
pr226.tsp,MMAS,10,20563120,reconstructed_from_original_experiment_scripts,85116.0,80369.0,5.906506239968147,85116.0,129.53,large,mmas,20.0,archived_run_record,
pr226.tsp,MSA-ACO,1,20282110,reconstructed_from_original_experiment_scripts,80553.0,80369.0,0.22894399581928357,80553.0,,large,hybrid_v4_2,,archived_run_record,
pr226.tsp,MSA-ACO,2,20282111,reconstructed_from_original_experiment_scripts,80549.0,80369.0,0.22396695243190784,80549.0,,large,hybrid_v4_2,,archived_run_record,
pr226.tsp,MSA-ACO,3,20282112,reconstructed_from_original_experiment_scripts,80608.0,80369.0,0.2973783423956998,80608.0,,large,hybrid_v4_2,,archived_run_record,
pr226.tsp,MSA-ACO,4,20282113,reconstructed_from_original_experiment_scripts,80626.0,80369.0,0.31977503763889065,80626.0,,large,hybrid_v4_2,,archived_run_record,
pr226.tsp,MSA-ACO,5,20282114,reconstructed_from_original_experiment_scripts,80545.0,80369.0,0.21898990904453208,80545.0,,large,hybrid_v4_2,,archived_run_record,
pr226.tsp,MSA-ACO,6,20282115,reconstructed_from_original_experiment_scripts,80463.0,80369.0,0.11696051960332964,80463.0,,large,hybrid_v4_2,,archived_run_record,
pr226.tsp,MSA-ACO,7,20282116,reconstructed_from_original_experiment_scripts,80532.0,80369.0,0.20281451803556097,80532.0,,large,hybrid_v4_2,,archived_run_record,
pr226.tsp,MSA-ACO,8,20282117,reconstructed_from_original_experiment_scripts,80586.0,80369.0,0.2700046037651333,80586.0,,large,hybrid_v4_2,,archived_run_record,
pr226.tsp,MSA-ACO,9,20282118,reconstructed_from_original_experiment_scripts,80524.0,80369.0,0.1928604312608095,80524.0,,large,hybrid_v4_2,,archived_run_record,
pr226.tsp,MSA-ACO,10,20282119,reconstructed_from_original_experiment_scripts,80444.0,80369.0,0.09331956351329493,80444.0,,large,hybrid_v4_2,,archived_run_record,
gil262.tsp,ACS,1,20572111,reconstructed_from_original_experiment_scripts,2685.0,2378.0,12.910008410428933,2685.0,419.60,large,acs_end_seq,20.0,archived_run_record,
gil262.tsp,ACS,2,20572112,reconstructed_from_original_experiment_scripts,2614.0,2378.0,9.92430613961312,2614.0,421.98,large,acs_end_seq,20.0,archived_run_record,
gil262.tsp,ACS,3,20572113,reconstructed_from_original_experiment_scripts,2630.0,2378.0,10.597140454163162,2630.0,419.85,large,acs_end_seq,20.0,archived_run_record,
gil262.tsp,ACS,4,20572114,reconstructed_from_original_experiment_scripts,2623.0,2378.0,10.302775441547519,2623.0,443.73,large,acs_end_seq,20.0,archived_run_record,
gil262.tsp,ACS,5,20572115,reconstructed_from_original_experiment_scripts,2646.0,2378.0,11.269974768713205,2646.0,429.07,large,acs_end_seq,20.0,archived_run_record,
gil262.tsp,ACS,6,20572116,reconstructed_from_original_experiment_scripts,2604.0,2378.0,9.503784693019345,2604.0,431.37,large,acs_end_seq,20.0,archived_run_record,
gil262.tsp,ACS,7,20572117,reconstructed_from_original_experiment_scripts,2643.0,2378.0,11.143818334735071,2643.0,458.03,large,acs_end_seq,20.0,archived_run_record,
gil262.tsp,ACS,8,20572118,reconstructed_from_original_experiment_scripts,2649.0,2378.0,11.396131202691336,2649.0,458.12,large,acs_end_seq,20.0,archived_run_record,
gil262.tsp,ACS,9,20572119,reconstructed_from_original_experiment_scripts,2648.0,2378.0,11.35407905803196,2648.0,409.19,large,acs_end_seq,20.0,archived_run_record,
gil262.tsp,ACS,10,20572120,reconstructed_from_original_experiment_scripts,2620.0,2378.0,10.176619007569386,2620.0,460.07,large,acs_end_seq,20.0,archived_run_record,
gil262.tsp,MMAS,1,20573111,reconstructed_from_original_experiment_scripts,2556.0,2378.0,7.485281749369217,2556.0,562.85,large,mmas,20.0,archived_run_record,
gil262.tsp,MMAS,2,20573112,reconstructed_from_original_experiment_scripts,2585.0,2378.0,8.70479394449117,2585.0,551.72,large,mmas,20.0,archived_run_record,
gil262.tsp,MMAS,3,20573113,reconstructed_from_original_experiment_scripts,2606.0,2378.0,9.5878889823381,2606.0,565.07,large,mmas,20.0,archived_run_record,
gil262.tsp,MMAS,4,20573114,reconstructed_from_original_experiment_scripts,2611.0,2378.0,9.798149705634987,2611.0,559.80,large,mmas,20.0,archived_run_record,
gil262.tsp,MMAS,5,20573115,reconstructed_from_original_experiment_scripts,2611.0,2378.0,9.798149705634987,2611.0,566.12,large,mmas,20.0,archived_run_record,
gil262.tsp,MMAS,6,20573116,reconstructed_from_original_experiment_scripts,2578.0,2378.0,8.410428931875526,2578.0,564.42,large,mmas,20.0,archived_run_record,
gil262.tsp,MMAS,7,20573117,reconstructed_from_original_experiment_scripts,2621.0,2378.0,10.218671152228765,2621.0,548.64,large,mmas,20.0,archived_run_record,
gil262.tsp,MMAS,8,20573118,reconstructed_from_original_experiment_scripts,2610.0,2378.0,9.75609756097561,2610.0,524.67,large,mmas,20.0,archived_run_record,
gil262.tsp,MMAS,9,20573119,reconstructed_from_original_experiment_scripts,2586.0,2378.0,8.746846089150546,2586.0,564.89,large,mmas,20.0,archived_run_record,
gil262.tsp,MMAS,10,20573120,reconstructed_from_original_experiment_scripts,2569.0,2378.0,8.031959629941127,2569.0,286.28,large,mmas,20.0,archived_run_record,
gil262.tsp,MSA-ACO,1,20283110,reconstructed_from_original_experiment_scripts,2403.0,2378.0,1.0513036164844407,2403.0,,large,hybrid_v4_2,,archived_run_record,
gil262.tsp,MSA-ACO,2,20283111,reconstructed_from_original_experiment_scripts,2400.0,2378.0,0.9251471825063078,2400.0,,large,hybrid_v4_2,,archived_run_record,
gil262.tsp,MSA-ACO,3,20283112,reconstructed_from_original_experiment_scripts,2394.0,2378.0,0.6728343145500421,2394.0,,large,hybrid_v4_2,,archived_run_record,
gil262.tsp,MSA-ACO,4,20283113,reconstructed_from_original_experiment_scripts,2405.0,2378.0,1.1354079058031958,2405.0,,large,hybrid_v4_2,,archived_run_record,
gil262.tsp,MSA-ACO,5,20283114,reconstructed_from_original_experiment_scripts,2399.0,2378.0,0.8830950378469302,2399.0,,large,hybrid_v4_2,,archived_run_record,
gil262.tsp,MSA-ACO,6,20283115,reconstructed_from_original_experiment_scripts,2403.0,2378.0,1.0513036164844407,2403.0,,large,hybrid_v4_2,,archived_run_record,
gil262.tsp,MSA-ACO,7,20283116,reconstructed_from_original_experiment_scripts,2400.0,2378.0,0.9251471825063078,2400.0,,large,hybrid_v4_2,,archived_run_record,
gil262.tsp,MSA-ACO,8,20283117,reconstructed_from_original_experiment_scripts,2401.0,2378.0,0.9671993271656856,2401.0,,large,hybrid_v4_2,,archived_run_record,
gil262.tsp,MSA-ACO,9,20283118,reconstructed_from_original_experiment_scripts,2396.0,2378.0,0.7569386038687973,2396.0,,large,hybrid_v4_2,,archived_run_record,
gil262.tsp,MSA-ACO,10,20283119,reconstructed_from_original_experiment_scripts,2402.0,2378.0,1.0092514718250631,2402.0,,large,hybrid_v4_2,,archived_run_record,
pr264.tsp,ACS,1,20582111,reconstructed_from_original_experiment_scripts,52412.0,49135.0,6.669380278823649,52412.0,612.37,large,acs_end_seq,20.0,archived_run_record,
pr264.tsp,ACS,2,20582112,reconstructed_from_original_experiment_scripts,53128.0,49135.0,8.126590007123232,53128.0,607.30,large,acs_end_seq,20.0,archived_run_record,
pr264.tsp,ACS,3,20582113,reconstructed_from_original_experiment_scripts,52383.0,49135.0,6.610359214409281,52383.0,608.25,large,acs_end_seq,20.0,archived_run_record,
pr264.tsp,ACS,4,20582114,reconstructed_from_original_experiment_scripts,52271.0,49135.0,6.382415793222754,52271.0,613.82,large,acs_end_seq,20.0,archived_run_record,
pr264.tsp,ACS,5,20582115,reconstructed_from_original_experiment_scripts,52492.0,49135.0,6.832197008242597,52492.0,614.46,large,acs_end_seq,20.0,archived_run_record,
pr264.tsp,ACS,6,20582116,reconstructed_from_original_experiment_scripts,52932.0,49135.0,7.72768902004681,52932.0,615.09,large,acs_end_seq,20.0,archived_run_record,
pr264.tsp,ACS,7,20582117,reconstructed_from_original_experiment_scripts,52038.0,49135.0,5.9082120687900685,52038.0,607.69,large,acs_end_seq,20.0,archived_run_record,
pr264.tsp,ACS,8,20582118,reconstructed_from_original_experiment_scripts,52548.0,49135.0,6.94616871883586,52548.0,605.13,large,acs_end_seq,20.0,archived_run_record,
pr264.tsp,ACS,9,20582119,reconstructed_from_original_experiment_scripts,52400.0,49135.0,6.644957769410807,52400.0,609.40,large,acs_end_seq,20.0,archived_run_record,
pr264.tsp,ACS,10,20582120,reconstructed_from_original_experiment_scripts,52883.0,49135.0,7.627963773277704,52883.0,596.55,large,acs_end_seq,20.0,archived_run_record,
pr264.tsp,MMAS,1,20583111,reconstructed_from_original_experiment_scripts,52775.0,49135.0,7.408161188562125,52775.0,582.55,large,mmas,20.0,archived_run_record,
pr264.tsp,MMAS,2,20583112,reconstructed_from_original_experiment_scripts,52282.0,49135.0,6.4048030935178595,52282.0,585.78,large,mmas,20.0,archived_run_record,
pr264.tsp,MMAS,3,20583113,reconstructed_from_original_experiment_scripts,52678.0,49135.0,7.210745904141651,52678.0,585.05,large,mmas,20.0,archived_run_record,
pr264.tsp,MMAS,4,20583114,reconstructed_from_original_experiment_scripts,53165.0,49135.0,8.201892744479496,53165.0,581.01,large,mmas,20.0,archived_run_record,
pr264.tsp,MMAS,5,20583115,reconstructed_from_original_experiment_scripts,52793.0,49135.0,7.444794952681388,52793.0,600.79,large,mmas,20.0,archived_run_record,
pr264.tsp,MMAS,6,20583116,reconstructed_from_original_experiment_scripts,52961.0,49135.0,7.786710084461178,52961.0,593.05,large,mmas,20.0,archived_run_record,
pr264.tsp,MMAS,7,20583117,reconstructed_from_original_experiment_scripts,52767.0,49135.0,7.3918795156202295,52767.0,586.82,large,mmas,20.0,archived_run_record,
pr264.tsp,MMAS,8,20583118,reconstructed_from_original_experiment_scripts,52744.0,49135.0,7.345069705912283,52744.0,602.12,large,mmas,20.0,archived_run_record,
pr264.tsp,MMAS,9,20583119,reconstructed_from_original_experiment_scripts,53137.0,49135.0,8.144906889182863,53137.0,589.71,large,mmas,20.0,archived_run_record,
pr264.tsp,MMAS,10,20583120,reconstructed_from_original_experiment_scripts,53228.0,49135.0,8.330110918896917,53228.0,290.39,large,mmas,20.0,archived_run_record,
pr264.tsp,MSA-ACO,1,20284110,reconstructed_from_original_experiment_scripts,49458.0,49135.0,0.6573725450290017,49458.0,,large,hybrid_v4_2,,archived_run_record,
pr264.tsp,MSA-ACO,2,20284111,reconstructed_from_original_experiment_scripts,49445.0,49135.0,0.6309148264984227,49445.0,,large,hybrid_v4_2,,archived_run_record,
pr264.tsp,MSA-ACO,3,20284112,reconstructed_from_original_experiment_scripts,49390.0,49135.0,0.5189783250228961,49390.0,,large,hybrid_v4_2,,archived_run_record,
pr264.tsp,MSA-ACO,4,20284113,reconstructed_from_original_experiment_scripts,49450.0,49135.0,0.6410908720871069,49450.0,,large,hybrid_v4_2,,archived_run_record,
pr264.tsp,MSA-ACO,5,20284114,reconstructed_from_original_experiment_scripts,49357.0,49135.0,0.4518164241375801,49357.0,,large,hybrid_v4_2,,archived_run_record,
pr264.tsp,MSA-ACO,6,20284115,reconstructed_from_original_experiment_scripts,49189.0,49135.0,0.10990129235778977,49189.0,,large,hybrid_v4_2,,archived_run_record,
pr264.tsp,MSA-ACO,7,20284116,reconstructed_from_original_experiment_scripts,49464.0,49135.0,0.6695837997354228,49464.0,,large,hybrid_v4_2,,archived_run_record,
pr264.tsp,MSA-ACO,8,20284117,reconstructed_from_original_experiment_scripts,49450.0,49135.0,0.6410908720871069,49450.0,,large,hybrid_v4_2,,archived_run_record,
pr264.tsp,MSA-ACO,9,20284118,reconstructed_from_original_experiment_scripts,49249.0,49135.0,0.23201383942200063,49249.0,,large,hybrid_v4_2,,archived_run_record,
pr264.tsp,MSA-ACO,10,20284119,reconstructed_from_original_experiment_scripts,49400.0,49135.0,0.5393304162002646,49400.0,,large,hybrid_v4_2,,archived_run_record,
a280.tsp,ACS,1,20592111,reconstructed_from_original_experiment_scripts,3010.0,2579.0,16.71190383869717,3010.0,673.13,large,acs_end_seq,20.0,archived_run_record,
a280.tsp,ACS,2,20592112,reconstructed_from_original_experiment_scripts,3002.0,2579.0,16.401706087630867,3002.0,676.46,large,acs_end_seq,20.0,archived_run_record,
a280.tsp,ACS,3,20592113,reconstructed_from_original_experiment_scripts,3017.0,2579.0,16.983326870880187,3017.0,669.23,large,acs_end_seq,20.0,archived_run_record,
a280.tsp,ACS,4,20592114,reconstructed_from_original_experiment_scripts,3019.0,2579.0,17.060876308646762,3019.0,670.55,large,acs_end_seq,20.0,archived_run_record,
a280.tsp,ACS,5,20592115,reconstructed_from_original_experiment_scripts,3019.0,2579.0,17.060876308646762,3019.0,680.85,large,acs_end_seq,20.0,archived_run_record,
a280.tsp,ACS,6,20592116,reconstructed_from_original_experiment_scripts,3032.0,2579.0,17.564947654129508,3032.0,659.38,large,acs_end_seq,20.0,archived_run_record,
a280.tsp,ACS,7,20592117,reconstructed_from_original_experiment_scripts,3025.0,2579.0,17.293524621946492,3025.0,682.00,large,acs_end_seq,20.0,archived_run_record,
a280.tsp,ACS,8,20592118,reconstructed_from_original_experiment_scripts,2994.0,2579.0,16.091508336564562,2994.0,677.22,large,acs_end_seq,20.0,archived_run_record,
a280.tsp,ACS,9,20592119,reconstructed_from_original_experiment_scripts,3003.0,2579.0,16.440480806514152,3003.0,674.13,large,acs_end_seq,20.0,archived_run_record,
a280.tsp,ACS,10,20592120,reconstructed_from_original_experiment_scripts,3011.0,2579.0,16.750678557580457,3011.0,679.67,large,acs_end_seq,20.0,archived_run_record,
a280.tsp,MMAS,1,20593111,reconstructed_from_original_experiment_scripts,2925.0,2579.0,13.416052733617681,2925.0,660.12,large,mmas,20.0,archived_run_record,
a280.tsp,MMAS,2,20593112,reconstructed_from_original_experiment_scripts,2915.0,2579.0,13.028305544784798,2915.0,652.64,large,mmas,20.0,archived_run_record,
a280.tsp,MMAS,3,20593113,reconstructed_from_original_experiment_scripts,2956.0,2579.0,14.618069018999613,2956.0,674.10,large,mmas,20.0,archived_run_record,
a280.tsp,MMAS,4,20593114,reconstructed_from_original_experiment_scripts,2941.0,2579.0,14.03644823575029,2941.0,651.91,large,mmas,20.0,archived_run_record,
a280.tsp,MMAS,5,20593115,reconstructed_from_original_experiment_scripts,2937.0,2579.0,13.881349360217138,2937.0,660.28,large,mmas,20.0,archived_run_record,
a280.tsp,MMAS,6,20593116,reconstructed_from_original_experiment_scripts,2963.0,2579.0,14.889492051182629,2963.0,667.12,large,mmas,20.0,archived_run_record,
a280.tsp,MMAS,7,20593117,reconstructed_from_original_experiment_scripts,2940.0,2579.0,13.997673516867001,2940.0,660.95,large,mmas,20.0,archived_run_record,
a280.tsp,MMAS,8,20593118,reconstructed_from_original_experiment_scripts,2924.0,2579.0,13.377278014734392,2924.0,653.88,large,mmas,20.0,archived_run_record,
a280.tsp,MMAS,9,20593119,reconstructed_from_original_experiment_scripts,2946.0,2579.0,14.230321830166732,2946.0,659.86,large,mmas,20.0,archived_run_record,
a280.tsp,MMAS,10,20593120,reconstructed_from_original_experiment_scripts,2902.0,2579.0,12.524234199302056,2902.0,324.11,large,mmas,20.0,archived_run_record,
a280.tsp,MSA-ACO,1,20285110,reconstructed_from_original_experiment_scripts,2601.0,2579.0,0.8530438154323382,2601.0,,large,hybrid_v4_2,,archived_run_record,
a280.tsp,MSA-ACO,2,20285111,reconstructed_from_original_experiment_scripts,2609.0,2579.0,1.1632415664986429,2609.0,,large,hybrid_v4_2,,archived_run_record,
a280.tsp,MSA-ACO,3,20285112,reconstructed_from_original_experiment_scripts,2610.0,2579.0,1.202016285381931,2610.0,,large,hybrid_v4_2,,archived_run_record,
a280.tsp,MSA-ACO,4,20285113,reconstructed_from_original_experiment_scripts,2600.0,2579.0,0.8142690965490499,2600.0,,large,hybrid_v4_2,,archived_run_record,
a280.tsp,MSA-ACO,5,20285114,reconstructed_from_original_experiment_scripts,2600.0,2579.0,0.8142690965490499,2600.0,,large,hybrid_v4_2,,archived_run_record,
a280.tsp,MSA-ACO,6,20285115,reconstructed_from_original_experiment_scripts,2606.0,2579.0,1.0469174098487786,2606.0,,large,hybrid_v4_2,,archived_run_record,
a280.tsp,MSA-ACO,7,20285116,reconstructed_from_original_experiment_scripts,2611.0,2579.0,1.240791004265219,2611.0,,large,hybrid_v4_2,,archived_run_record,
a280.tsp,MSA-ACO,8,20285117,reconstructed_from_original_experiment_scripts,2605.0,2579.0,1.0081426909654905,2605.0,,large,hybrid_v4_2,,archived_run_record,
a280.tsp,MSA-ACO,9,20285118,reconstructed_from_original_experiment_scripts,2607.0,2579.0,1.0856921287320667,2607.0,,large,hybrid_v4_2,,archived_run_record,
a280.tsp,MSA-ACO,10,20285119,reconstructed_from_original_experiment_scripts,2602.0,2579.0,0.8918185343156262,2602.0,,large,hybrid_v4_2,,archived_run_record,
pr299.tsp,ACS,1,20602111,reconstructed_from_original_experiment_scripts,53908.0,48191.0,11.863210973003257,53908.0,765.72,large,acs_end_seq,20.0,archived_run_record,
pr299.tsp,ACS,2,20602112,reconstructed_from_original_experiment_scripts,54285.0,48191.0,12.645514722666057,54285.0,783.78,large,acs_end_seq,20.0,archived_run_record,
pr299.tsp,ACS,3,20602113,reconstructed_from_original_experiment_scripts,55107.0,48191.0,14.351227407607228,55107.0,788.47,large,acs_end_seq,20.0,archived_run_record,
pr299.tsp,ACS,4,20602114,reconstructed_from_original_experiment_scripts,53800.0,48191.0,11.639102737025587,53800.0,777.96,large,acs_end_seq,20.0,archived_run_record,
pr299.tsp,ACS,5,20602115,reconstructed_from_original_experiment_scripts,55323.0,48191.0,14.799443879562574,55323.0,747.02,large,acs_end_seq,20.0,archived_run_record,
pr299.tsp,ACS,6,20602116,reconstructed_from_original_experiment_scripts,54048.0,48191.0,12.15372164927061,54048.0,758.05,large,acs_end_seq,20.0,archived_run_record,
pr299.tsp,ACS,7,20602117,reconstructed_from_original_experiment_scripts,55113.0,48191.0,14.363677865161545,55113.0,769.67,large,acs_end_seq,20.0,archived_run_record,
pr299.tsp,ACS,8,20602118,reconstructed_from_original_experiment_scripts,53803.0,48191.0,11.645327965802743,53803.0,783.13,large,acs_end_seq,20.0,archived_run_record,
pr299.tsp,ACS,9,20602119,reconstructed_from_original_experiment_scripts,53779.0,48191.0,11.595526135585482,53779.0,782.99,large,acs_end_seq,20.0,archived_run_record,
pr299.tsp,ACS,10,20602120,reconstructed_from_original_experiment_scripts,54032.0,48191.0,12.12052042912577,54032.0,777.62,large,acs_end_seq,20.0,archived_run_record,
pr299.tsp,MMAS,1,20603111,reconstructed_from_original_experiment_scripts,54501.0,48191.0,13.093731194621402,54501.0,763.09,large,mmas,20.0,archived_run_record,
pr299.tsp,MMAS,2,20603112,reconstructed_from_original_experiment_scripts,54555.0,48191.0,13.205785312610239,54555.0,789.72,large,mmas,20.0,archived_run_record,
pr299.tsp,MMAS,3,20603113,reconstructed_from_original_experiment_scripts,54622.0,48191.0,13.344815421966757,54622.0,771.27,large,mmas,20.0,archived_run_record,
pr299.tsp,MMAS,4,20603114,reconstructed_from_original_experiment_scripts,54831.0,48191.0,13.778506360108732,54831.0,763.77,large,mmas,20.0,archived_run_record,
pr299.tsp,MMAS,5,20603115,reconstructed_from_original_experiment_scripts,54407.0,48191.0,12.898674026270465,54407.0,756.62,large,mmas,20.0,archived_run_record,
pr299.tsp,MMAS,6,20603116,reconstructed_from_original_experiment_scripts,54404.0,48191.0,12.892448797493309,54404.0,769.49,large,mmas,20.0,archived_run_record,
pr299.tsp,MMAS,7,20603117,reconstructed_from_original_experiment_scripts,54516.0,48191.0,13.12485733850719,54516.0,766.48,large,mmas,20.0,archived_run_record,
pr299.tsp,MMAS,8,20603118,reconstructed_from_original_experiment_scripts,54881.0,48191.0,13.88226017306136,54881.0,760.05,large,mmas,20.0,archived_run_record,
pr299.tsp,MMAS,9,20603119,reconstructed_from_original_experiment_scripts,54554.0,48191.0,13.203710236351185,54554.0,765.47,large,mmas,20.0,archived_run_record,
pr299.tsp,MMAS,10,20603120,reconstructed_from_original_experiment_scripts,54806.0,48191.0,13.726629453632421,54806.0,380.74,large,mmas,20.0,archived_run_record,
pr299.tsp,MSA-ACO,1,20286110,reconstructed_from_original_experiment_scripts,48572.0,48191.0,0.7906040546990102,48572.0,,large,hybrid_v4_2,,archived_run_record,
pr299.tsp,MSA-ACO,2,20286111,reconstructed_from_original_experiment_scripts,48480.0,48191.0,0.5996970388661783,48480.0,,large,hybrid_v4_2,,archived_run_record,
pr299.tsp,MSA-ACO,3,20286112,reconstructed_from_original_experiment_scripts,48637.0,48191.0,0.925484011537424,48637.0,,large,hybrid_v4_2,,archived_run_record,
pr299.tsp,MSA-ACO,4,20286113,reconstructed_from_original_experiment_scripts,48588.0,48191.0,0.8238052748438505,48588.0,,large,hybrid_v4_2,,archived_run_record,
pr299.tsp,MSA-ACO,5,20286114,reconstructed_from_original_experiment_scripts,48505.0,48191.0,0.6515739453424914,48505.0,,large,hybrid_v4_2,,archived_run_record,
pr299.tsp,MSA-ACO,6,20286115,reconstructed_from_original_experiment_scripts,48562.0,48191.0,0.769853292108485,48562.0,,large,hybrid_v4_2,,archived_run_record,
pr299.tsp,MSA-ACO,7,20286116,reconstructed_from_original_experiment_scripts,48577.0,48191.0,0.8009794359942727,48577.0,,large,hybrid_v4_2,,archived_run_record,
pr299.tsp,MSA-ACO,8,20286117,reconstructed_from_original_experiment_scripts,48454.0,48191.0,0.5457450561308128,48454.0,,large,hybrid_v4_2,,archived_run_record,
pr299.tsp,MSA-ACO,9,20286118,reconstructed_from_original_experiment_scripts,48593.0,48191.0,0.8341806561391132,48593.0,,large,hybrid_v4_2,,archived_run_record,
pr299.tsp,MSA-ACO,10,20286119,reconstructed_from_original_experiment_scripts,48568.0,48191.0,0.7823037496628,48568.0,,large,hybrid_v4_2,,archived_run_record,
lin318.tsp,ACS,1,20612111,reconstructed_from_original_experiment_scripts,47654.0,42029.0,13.383616074615146,47654.0,875.03,large,acs_end_seq,20.0,archived_run_record,
lin318.tsp,ACS,2,20612112,reconstructed_from_original_experiment_scripts,46559.0,42029.0,10.778272145423399,46559.0,890.01,large,acs_end_seq,20.0,archived_run_record,
lin318.tsp,ACS,3,20612113,reconstructed_from_original_experiment_scripts,46902.0,42029.0,11.594375312284374,46902.0,884.42,large,acs_end_seq,20.0,archived_run_record,
lin318.tsp,ACS,4,20612114,reconstructed_from_original_experiment_scripts,47111.0,42029.0,12.091651002878963,47111.0,893.14,large,acs_end_seq,20.0,archived_run_record,
lin318.tsp,ACS,5,20612115,reconstructed_from_original_experiment_scripts,47582.0,42029.0,13.212305788860073,47582.0,865.85,large,acs_end_seq,20.0,archived_run_record,
lin318.tsp,ACS,6,20612116,reconstructed_from_original_experiment_scripts,46615.0,42029.0,10.911513478788455,46615.0,857.34,large,acs_end_seq,20.0,archived_run_record,
lin318.tsp,ACS,7,20612117,reconstructed_from_original_experiment_scripts,47087.0,42029.0,12.03454757429394,47087.0,878.28,large,acs_end_seq,20.0,archived_run_record,
lin318.tsp,ACS,8,20612118,reconstructed_from_original_experiment_scripts,46954.0,42029.0,11.718099407551929,46954.0,876.04,large,acs_end_seq,20.0,archived_run_record,
lin318.tsp,ACS,9,20612119,reconstructed_from_original_experiment_scripts,45877.0,42029.0,9.155583049798949,45877.0,873.13,large,acs_end_seq,20.0,archived_run_record,
lin318.tsp,ACS,10,20612120,reconstructed_from_original_experiment_scripts,47316.0,42029.0,12.57940945537605,47316.0,883.34,large,acs_end_seq,20.0,archived_run_record,
lin318.tsp,MMAS,1,20613111,reconstructed_from_original_experiment_scripts,46509.0,42029.0,10.659306669204597,46509.0,897.66,large,mmas,20.0,archived_run_record,
lin318.tsp,MMAS,2,20613112,reconstructed_from_original_experiment_scripts,46550.0,42029.0,10.756858359704013,46550.0,896.09,large,mmas,20.0,archived_run_record,
lin318.tsp,MMAS,3,20613113,reconstructed_from_original_experiment_scripts,46855.0,42029.0,11.482547764638703,46855.0,897.47,large,mmas,20.0,archived_run_record,
lin318.tsp,MMAS,4,20613114,reconstructed_from_original_experiment_scripts,46596.0,42029.0,10.86630659782531,46596.0,884.97,large,mmas,20.0,archived_run_record,
lin318.tsp,MMAS,5,20613115,reconstructed_from_original_experiment_scripts,46830.0,42029.0,11.4230650265293,46830.0,893.79,large,mmas,20.0,archived_run_record,
lin318.tsp,MMAS,6,20613116,reconstructed_from_original_experiment_scripts,46722.0,42029.0,11.166099597896691,46722.0,881.86,large,mmas,20.0,archived_run_record,
lin318.tsp,MMAS,7,20613117,reconstructed_from_original_experiment_scripts,47079.0,42029.0,12.015513098098932,47079.0,885.18,large,mmas,20.0,archived_run_record,
lin318.tsp,MMAS,8,20613118,reconstructed_from_original_experiment_scripts,47241.0,42029.0,12.400961241047847,47241.0,899.23,large,mmas,20.0,archived_run_record,
lin318.tsp,MMAS,9,20613119,reconstructed_from_original_experiment_scripts,46986.0,42029.0,11.79423731233196,46986.0,893.59,large,mmas,20.0,archived_run_record,
lin318.tsp,MMAS,10,20613120,reconstructed_from_original_experiment_scripts,46619.0,42029.0,10.92103071688596,46619.0,440.43,large,mmas,20.0,archived_run_record,
lin318.tsp,MSA-ACO,1,20287110,reconstructed_from_original_experiment_scripts,42620.0,42029.0,1.4061719289062313,42620.0,,large,hybrid_v4_2,,archived_run_record,
lin318.tsp,MSA-ACO,2,20287111,reconstructed_from_original_experiment_scripts,42522.0,42029.0,1.1729995955173809,42522.0,,large,hybrid_v4_2,,archived_run_record,
lin318.tsp,MSA-ACO,3,20287112,reconstructed_from_original_experiment_scripts,42705.0,42029.0,1.6084132384781937,42705.0,,large,hybrid_v4_2,,archived_run_record,
lin318.tsp,MSA-ACO,4,20287113,reconstructed_from_original_experiment_scripts,42611.0,42029.0,1.3847581431868472,42611.0,,large,hybrid_v4_2,,archived_run_record,
lin318.tsp,MSA-ACO,5,20287114,reconstructed_from_original_experiment_scripts,42762.0,42029.0,1.7440338813676273,42762.0,,large,hybrid_v4_2,,archived_run_record,
lin318.tsp,MSA-ACO,6,20287115,reconstructed_from_original_experiment_scripts,42706.0,42029.0,1.6107925480025695,42706.0,,large,hybrid_v4_2,,archived_run_record,
lin318.tsp,MSA-ACO,7,20287116,reconstructed_from_original_experiment_scripts,42647.0,42029.0,1.4704132860643842,42647.0,,large,hybrid_v4_2,,archived_run_record,
lin318.tsp,MSA-ACO,8,20287117,reconstructed_from_original_experiment_scripts,42586.0,42029.0,1.3252754050774465,42586.0,,large,hybrid_v4_2,,archived_run_record,
lin318.tsp,MSA-ACO,9,20287118,reconstructed_from_original_experiment_scripts,42688.0,42029.0,1.567964976563801,42688.0,,large,hybrid_v4_2,,archived_run_record,
lin318.tsp,MSA-ACO,10,20287119,reconstructed_from_original_experiment_scripts,42625.0,42029.0,1.4180684765281115,42625.0,,large,hybrid_v4_2,,archived_run_record,
